id,date,region,state,state_code,sector,station_type,station_name,station_unit,monitored_capacity,planned_generation,actual_generation,capacity_utilization
3,9/1/2017,Northern,Delhi,7.0,State,Ther (Gt),Pragati Ccgt-Iii,Single Unit,1500.0,6.0,10.89,0.726
26,9/1/2017,Northern,Himachal Pradesh,2.0,State,Hydro,Bhakra H P S,Single Unit,1325.0,16.44,17.95,1.3547169811320754
39,9/1/2017,Northern,Himachal Pradesh,2.0,Private,Hydro,Karcham Wangtoo Hps,Single Unit,1000.0,16.67,25.59,2.5589999999999997
49,9/1/2017,Northern,Himachal Pradesh,2.0,Central,Hydro,Nathpa Jhakri Hps,Single Unit,1500.0,26.63,36.61,2.4406666666666665
158,9/1/2017,Northern,Uttarakhand,5.0,Central,Hydro,Tehri St-1 Hps,Single Unit,1000.0,12.9,7.6,0.76
360,9/1/2017,Western,Gujarat,24.0,State,Hydro,S Sarovar Rbph Hps,Single Unit,1200.0,28.4,0.0,0.0
388,9/1/2017,Western,Gujarat,24.0,Private,Ther (Gt),Dgen Mega Ccpp,Single Unit,1200.0,0.0,0.0,0.0
392,9/1/2017,Western,Gujarat,24.0,Private,Ther (Gt),Sugen Ccpp,Single Unit,1147.5,11.49,20.16,1.7568627450980392
452,9/1/2017,Western,Madhya Pradesh,23.0,Central,Hydro,Indira Sagar Hps,Single Unit,1000.0,6.33,0.45,0.045
493,9/1/2017,Western,Maharashtra,27.0,State,Hydro,Koyna-Iv Hps,Single Unit,1000.0,3.37,2.62,0.262
551,9/1/2017,Western,Maharashtra,27.0,Central,Ther (Gt),Ratnagiri Ccpp,Single Unit,2220.0,11.58,12.07,0.5436936936936937
634,9/1/2017,Southern,Karnataka,29.0,State,Hydro,Sharavathi Hps,Single Unit,1035.0,12.77,7.53,0.727536231884058
747,9/1/2017,Southern,Tamil Nadu,33.0,Central,Nuclear,Kudankulam,Unit 1,1000.0,21.6,17.93,1.7929999999999997
748,9/1/2017,Southern,Tamil Nadu,33.0,Central,Nuclear,Kudankulam,Unit 2,1000.0,19.27,0.0,0.0
871,9/1/2017,Eastern,Sikkim,11.0,State,Hydro,Teesta-Iii Hps,Single Unit,1200.0,24.0,23.68,1.9733333333333332
980,9/2/2017,Northern,Delhi,7.0,State,Ther (Gt),Pragati Ccgt-Iii,Single Unit,1500.0,6.0,9.3,0.6200000000000001
1003,9/2/2017,Northern,Himachal Pradesh,2.0,State,Hydro,Bhakra H P S,Single Unit,1325.0,16.44,12.57,0.948679245283019
1016,9/2/2017,Northern,Himachal Pradesh,2.0,Private,Hydro,Karcham Wangtoo Hps,Single Unit,1000.0,16.67,24.0,2.4
1026,9/2/2017,Northern,Himachal Pradesh,2.0,Central,Hydro,Nathpa Jhakri Hps,Single Unit,1500.0,26.63,37.31,2.4873333333333334
1135,9/2/2017,Northern,Uttarakhand,5.0,Central,Hydro,Tehri St-1 Hps,Single Unit,1000.0,12.9,7.07,0.707
1337,9/2/2017,Western,Gujarat,24.0,State,Hydro,S Sarovar Rbph Hps,Single Unit,1200.0,28.4,0.0,0.0
1365,9/2/2017,Western,Gujarat,24.0,Private,Ther (Gt),Dgen Mega Ccpp,Single Unit,1200.0,0.0,0.0,0.0
1369,9/2/2017,Western,Gujarat,24.0,Private,Ther (Gt),Sugen Ccpp,Single Unit,1147.5,11.49,20.13,1.7542483660130719
1429,9/2/2017,Western,Madhya Pradesh,23.0,Central,Hydro,Indira Sagar Hps,Single Unit,1000.0,6.33,0.19,0.019
1470,9/2/2017,Western,Maharashtra,27.0,State,Hydro,Koyna-Iv Hps,Single Unit,1000.0,3.37,3.03,0.303
1528,9/2/2017,Western,Maharashtra,27.0,Central,Ther (Gt),Ratnagiri Ccpp,Single Unit,2220.0,11.58,12.29,0.5536036036036035
1611,9/2/2017,Southern,Karnataka,29.0,State,Hydro,Sharavathi Hps,Single Unit,1035.0,12.77,5.76,0.5565217391304347
1724,9/2/2017,Southern,Tamil Nadu,33.0,Central,Nuclear,Kudankulam,Unit 1,1000.0,21.6,21.06,2.106
1725,9/2/2017,Southern,Tamil Nadu,33.0,Central,Nuclear,Kudankulam,Unit 2,1000.0,19.27,0.0,0.0
1848,9/2/2017,Eastern,Sikkim,11.0,State,Hydro,Teesta-Iii Hps,Single Unit,1200.0,24.0,21.26,1.771666666666667
1957,9/3/2017,Northern,Delhi,7.0,State,Ther (Gt),Pragati Ccgt-Iii,Single Unit,1500.0,6.0,10.88,0.7253333333333334
1980,9/3/2017,Northern,Himachal Pradesh,2.0,State,Hydro,Bhakra H P S,Single Unit,1325.0,16.44,14.5,1.0943396226415094
1993,9/3/2017,Northern,Himachal Pradesh,2.0,Private,Hydro,Karcham Wangtoo Hps,Single Unit,1000.0,16.67,24.0,2.4
2003,9/3/2017,Northern,Himachal Pradesh,2.0,Central,Hydro,Nathpa Jhakri Hps,Single Unit,1500.0,26.63,36.51,2.4339999999999997
2112,9/3/2017,Northern,Uttarakhand,5.0,Central,Hydro,Tehri St-1 Hps,Single Unit,1000.0,12.9,9.08,0.9079999999999999
2314,9/3/2017,Western,Gujarat,24.0,State,Hydro,S Sarovar Rbph Hps,Single Unit,1200.0,28.4,0.0,0.0
2342,9/3/2017,Western,Gujarat,24.0,Private,Ther (Gt),Dgen Mega Ccpp,Single Unit,1200.0,0.0,0.0,0.0
2346,9/3/2017,Western,Gujarat,24.0,Private,Ther (Gt),Sugen Ccpp,Single Unit,1147.5,11.49,19.79,1.724618736383442
2406,9/3/2017,Western,Madhya Pradesh,23.0,Central,Hydro,Indira Sagar Hps,Single Unit,1000.0,6.33,0.11,0.011000000000000001
2447,9/3/2017,Western,Maharashtra,27.0,State,Hydro,Koyna-Iv Hps,Single Unit,1000.0,3.37,1.34,0.134
2505,9/3/2017,Western,Maharashtra,27.0,Central,Ther (Gt),Ratnagiri Ccpp,Single Unit,2220.0,11.58,12.17,0.5481981981981983
2588,9/3/2017,Southern,Karnataka,29.0,State,Hydro,Sharavathi Hps,Single Unit,1035.0,12.77,3.99,0.3855072463768116
2701,9/3/2017,Southern,Tamil Nadu,33.0,Central,Nuclear,Kudankulam,Unit 1,1000.0,21.6,21.59,2.1590000000000003
2702,9/3/2017,Southern,Tamil Nadu,33.0,Central,Nuclear,Kudankulam,Unit 2,1000.0,19.27,0.0,0.0
2825,9/3/2017,Eastern,Sikkim,11.0,State,Hydro,Teesta-Iii Hps,Single Unit,1200.0,24.0,21.66,1.805
2934,9/4/2017,Northern,Delhi,7.0,State,Ther (Gt),Pragati Ccgt-Iii,Single Unit,1500.0,6.0,12.03,0.8019999999999999
2957,9/4/2017,Northern,Himachal Pradesh,2.0,State,Hydro,Bhakra H P S,Single Unit,1325.0,16.44,16.89,1.2747169811320755
2970,9/4/2017,Northern,Himachal Pradesh,2.0,Private,Hydro,Karcham Wangtoo Hps,Single Unit,1000.0,16.67,18.28,1.828
2980,9/4/2017,Northern,Himachal Pradesh,2.0,Central,Hydro,Nathpa Jhakri Hps,Single Unit,1500.0,26.63,31.85,2.1233333333333335
3089,9/4/2017,Northern,Uttarakhand,5.0,Central,Hydro,Tehri St-1 Hps,Single Unit,1000.0,12.9,9.22,0.922
3291,9/4/2017,Western,Gujarat,24.0,State,Hydro,S Sarovar Rbph Hps,Single Unit,1200.0,28.4,0.0,0.0
3319,9/4/2017,Western,Gujarat,24.0,Private,Ther (Gt),Dgen Mega Ccpp,Single Unit,1200.0,0.0,0.0,0.0
3323,9/4/2017,Western,Gujarat,24.0,Private,Ther (Gt),Sugen Ccpp,Single Unit,1147.5,11.49,20.65,1.7995642701525052
3383,9/4/2017,Western,Madhya Pradesh,23.0,Central,Hydro,Indira Sagar Hps,Single Unit,1000.0,6.33,0.21,0.020999999999999998
3424,9/4/2017,Western,Maharashtra,27.0,State,Hydro,Koyna-Iv Hps,Single Unit,1000.0,3.37,11.74,1.174
3482,9/4/2017,Western,Maharashtra,27.0,Central,Ther (Gt),Ratnagiri Ccpp,Single Unit,2220.0,11.58,12.82,0.5774774774774775
3565,9/4/2017,Southern,Karnataka,29.0,State,Hydro,Sharavathi Hps,Single Unit,1035.0,12.77,10.26,0.991304347826087
3678,9/4/2017,Southern,Tamil Nadu,33.0,Central,Nuclear,Kudankulam,Unit 1,1000.0,21.6,21.7,2.17
3679,9/4/2017,Southern,Tamil Nadu,33.0,Central,Nuclear,Kudankulam,Unit 2,1000.0,19.27,0.0,0.0
3802,9/4/2017,Eastern,Sikkim,11.0,State,Hydro,Teesta-Iii Hps,Single Unit,1200.0,24.0,21.6,1.8000000000000003
3911,9/5/2017,Northern,Delhi,7.0,State,Ther (Gt),Pragati Ccgt-Iii,Single Unit,1500.0,6.0,12.02,0.8013333333333332
3934,9/5/2017,Northern,Himachal Pradesh,2.0,State,Hydro,Bhakra H P S,Single Unit,1325.0,16.44,17.02,1.2845283018867923
3947,9/5/2017,Northern,Himachal Pradesh,2.0,Private,Hydro,Karcham Wangtoo Hps,Single Unit,1000.0,16.67,17.95,1.7950000000000002
3957,9/5/2017,Northern,Himachal Pradesh,2.0,Central,Hydro,Nathpa Jhakri Hps,Single Unit,1500.0,26.63,30.71,2.0473333333333334
4066,9/5/2017,Northern,Uttarakhand,5.0,Central,Hydro,Tehri St-1 Hps,Single Unit,1000.0,12.9,9.55,0.9550000000000001
4268,9/5/2017,Western,Gujarat,24.0,State,Hydro,S Sarovar Rbph Hps,Single Unit,1200.0,28.4,0.0,0.0
4296,9/5/2017,Western,Gujarat,24.0,Private,Ther (Gt),Dgen Mega Ccpp,Single Unit,1200.0,0.0,0.0,0.0
4300,9/5/2017,Western,Gujarat,24.0,Private,Ther (Gt),Sugen Ccpp,Single Unit,1147.5,11.49,19.05,1.6601307189542485
4360,9/5/2017,Western,Madhya Pradesh,23.0,Central,Hydro,Indira Sagar Hps,Single Unit,1000.0,6.33,1.74,0.174
4401,9/5/2017,Western,Maharashtra,27.0,State,Hydro,Koyna-Iv Hps,Single Unit,1000.0,3.37,7.02,0.702
4459,9/5/2017,Western,Maharashtra,27.0,Central,Ther (Gt),Ratnagiri Ccpp,Single Unit,2220.0,11.58,13.08,0.5891891891891892
4542,9/5/2017,Southern,Karnataka,29.0,State,Hydro,Sharavathi Hps,Single Unit,1035.0,12.77,8.47,0.8183574879227054
4655,9/5/2017,Southern,Tamil Nadu,33.0,Central,Nuclear,Kudankulam,Unit 1,1000.0,21.6,21.74,2.174
4656,9/5/2017,Southern,Tamil Nadu,33.0,Central,Nuclear,Kudankulam,Unit 2,1000.0,19.27,0.0,0.0
4779,9/5/2017,Eastern,Sikkim,11.0,State,Hydro,Teesta-Iii Hps,Single Unit,1200.0,24.0,15.2,1.2666666666666666
4888,9/6/2017,Northern,Delhi,7.0,State,Ther (Gt),Pragati Ccgt-Iii,Single Unit,1500.0,6.0,12.61,0.8406666666666667
4911,9/6/2017,Northern,Himachal Pradesh,2.0,State,Hydro,Bhakra H P S,Single Unit,1325.0,16.44,17.96,1.3554716981132076
4924,9/6/2017,Northern,Himachal Pradesh,2.0,Private,Hydro,Karcham Wangtoo Hps,Single Unit,1000.0,16.67,18.56,1.856
4934,9/6/2017,Northern,Himachal Pradesh,2.0,Central,Hydro,Nathpa Jhakri Hps,Single Unit,1500.0,26.63,32.6,2.1733333333333333
5043,9/6/2017,Northern,Uttarakhand,5.0,Central,Hydro,Tehri St-1 Hps,Single Unit,1000.0,12.9,10.14,1.014
5245,9/6/2017,Western,Gujarat,24.0,State,Hydro,S Sarovar Rbph Hps,Single Unit,1200.0,28.4,0.0,0.0
5273,9/6/2017,Western,Gujarat,24.0,Private,Ther (Gt),Dgen Mega Ccpp,Single Unit,1200.0,0.0,0.0,0.0
5277,9/6/2017,Western,Gujarat,24.0,Private,Ther (Gt),Sugen Ccpp,Single Unit,1147.5,11.49,20.82,1.8143790849673203
5337,9/6/2017,Western,Madhya Pradesh,23.0,Central,Hydro,Indira Sagar Hps,Single Unit,1000.0,6.33,1.72,0.172
5378,9/6/2017,Western,Maharashtra,27.0,State,Hydro,Koyna-Iv Hps,Single Unit,1000.0,3.37,14.33,1.433
5436,9/6/2017,Western,Maharashtra,27.0,Central,Ther (Gt),Ratnagiri Ccpp,Single Unit,2220.0,11.58,12.83,0.5779279279279279
5519,9/6/2017,Southern,Karnataka,29.0,State,Hydro,Sharavathi Hps,Single Unit,1035.0,12.77,7.75,0.748792270531401
5632,9/6/2017,Southern,Tamil Nadu,33.0,Central,Nuclear,Kudankulam,Unit 1,1000.0,21.6,21.84,2.1839999999999997
5633,9/6/2017,Southern,Tamil Nadu,33.0,Central,Nuclear,Kudankulam,Unit 2,1000.0,19.27,0.0,0.0
5756,9/6/2017,Eastern,Sikkim,11.0,State,Hydro,Teesta-Iii Hps,Single Unit,1200.0,24.0,21.79,1.8158333333333332
5865,9/7/2017,Northern,Delhi,7.0,State,Ther (Gt),Pragati Ccgt-Iii,Single Unit,1500.0,6.0,7.43,0.4953333333333333
5888,9/7/2017,Northern,Himachal Pradesh,2.0,State,Hydro,Bhakra H P S,Single Unit,1325.0,16.44,18.37,1.3864150943396227
5901,9/7/2017,Northern,Himachal Pradesh,2.0,Private,Hydro,Karcham Wangtoo Hps,Single Unit,1000.0,16.67,18.87,1.8870000000000002
5911,9/7/2017,Northern,Himachal Pradesh,2.0,Central,Hydro,Nathpa Jhakri Hps,Single Unit,1500.0,26.63,33.65,2.243333333333333
6020,9/7/2017,Northern,Uttarakhand,5.0,Central,Hydro,Tehri St-1 Hps,Single Unit,1000.0,12.9,9.59,0.959
6222,9/7/2017,Western,Gujarat,24.0,State,Hydro,S Sarovar Rbph Hps,Single Unit,1200.0,28.4,0.0,0.0
6250,9/7/2017,Western,Gujarat,24.0,Private,Ther (Gt),Dgen Mega Ccpp,Single Unit,1200.0,0.0,0.0,0.0
6254,9/7/2017,Western,Gujarat,24.0,Private,Ther (Gt),Sugen Ccpp,Single Unit,1147.5,11.49,22.79,1.9860566448801742
6314,9/7/2017,Western,Madhya Pradesh,23.0,Central,Hydro,Indira Sagar Hps,Single Unit,1000.0,6.33,1.07,0.107
6355,9/7/2017,Western,Maharashtra,27.0,State,Hydro,Koyna-Iv Hps,Single Unit,1000.0,3.37,19.01,1.9010000000000002
6413,9/7/2017,Western,Maharashtra,27.0,Central,Ther (Gt),Ratnagiri Ccpp,Single Unit,2220.0,11.58,13.23,0.595945945945946
6496,9/7/2017,Southern,Karnataka,29.0,State,Hydro,Sharavathi Hps,Single Unit,1035.0,12.77,7.53,0.727536231884058
6609,9/7/2017,Southern,Tamil Nadu,33.0,Central,Nuclear,Kudankulam,Unit 1,1000.0,21.6,21.84,2.1839999999999997
6610,9/7/2017,Southern,Tamil Nadu,33.0,Central,Nuclear,Kudankulam,Unit 2,1000.0,19.27,0.0,0.0
6733,9/7/2017,Eastern,Sikkim,11.0,State,Hydro,Teesta-Iii Hps,Single Unit,1200.0,24.0,21.75,1.8124999999999998
6842,9/8/2017,Northern,Delhi,7.0,State,Ther (Gt),Pragati Ccgt-Iii,Single Unit,1500.0,6.0,7.5,0.5
6865,9/8/2017,Northern,Himachal Pradesh,2.0,State,Hydro,Bhakra H P S,Single Unit,1325.0,16.44,18.72,1.4128301886792451
6878,9/8/2017,Northern,Himachal Pradesh,2.0,Private,Hydro,Karcham Wangtoo Hps,Single Unit,1000.0,16.67,15.97,1.5970000000000002
6888,9/8/2017,Northern,Himachal Pradesh,2.0,Central,Hydro,Nathpa Jhakri Hps,Single Unit,1500.0,26.63,28.1,1.8733333333333335
6997,9/8/2017,Northern,Uttarakhand,5.0,Central,Hydro,Tehri St-1 Hps,Single Unit,1000.0,12.9,12.06,1.2060000000000002
7199,9/8/2017,Western,Gujarat,24.0,State,Hydro,S Sarovar Rbph Hps,Single Unit,1200.0,28.4,0.0,0.0
7227,9/8/2017,Western,Gujarat,24.0,Private,Ther (Gt),Dgen Mega Ccpp,Single Unit,1200.0,0.0,0.0,0.0
7231,9/8/2017,Western,Gujarat,24.0,Private,Ther (Gt),Sugen Ccpp,Single Unit,1147.5,11.49,23.65,2.0610021786492374
7291,9/8/2017,Western,Madhya Pradesh,23.0,Central,Hydro,Indira Sagar Hps,Single Unit,1000.0,6.33,2.18,0.218
7332,9/8/2017,Western,Maharashtra,27.0,State,Hydro,Koyna-Iv Hps,Single Unit,1000.0,3.37,9.83,0.983
7390,9/8/2017,Western,Maharashtra,27.0,Central,Ther (Gt),Ratnagiri Ccpp,Single Unit,2220.0,11.58,13.31,0.5995495495495495
7473,9/8/2017,Southern,Karnataka,29.0,State,Hydro,Sharavathi Hps,Single Unit,1035.0,12.77,9.53,0.9207729468599033
7586,9/8/2017,Southern,Tamil Nadu,33.0,Central,Nuclear,Kudankulam,Unit 1,1000.0,21.6,21.98,2.198
7587,9/8/2017,Southern,Tamil Nadu,33.0,Central,Nuclear,Kudankulam,Unit 2,1000.0,19.27,0.0,0.0
7710,9/8/2017,Eastern,Sikkim,11.0,State,Hydro,Teesta-Iii Hps,Single Unit,1200.0,24.0,21.75,1.8124999999999998
7819,9/9/2017,Northern,Delhi,7.0,State,Ther (Gt),Pragati Ccgt-Iii,Single Unit,1500.0,6.0,7.73,0.5153333333333333
7842,9/9/2017,Northern,Himachal Pradesh,2.0,State,Hydro,Bhakra H P S,Single Unit,1325.0,16.44,20.18,1.5230188679245282
7855,9/9/2017,Northern,Himachal Pradesh,2.0,Private,Hydro,Karcham Wangtoo Hps,Single Unit,1000.0,16.67,14.85,1.485
7865,9/9/2017,Northern,Himachal Pradesh,2.0,Central,Hydro,Nathpa Jhakri Hps,Single Unit,1500.0,26.63,25.74,1.7159999999999997
7974,9/9/2017,Northern,Uttarakhand,5.0,Central,Hydro,Tehri St-1 Hps,Single Unit,1000.0,12.9,14.52,1.452
8176,9/9/2017,Western,Gujarat,24.0,State,Hydro,S Sarovar Rbph Hps,Single Unit,1200.0,28.4,0.0,0.0
8204,9/9/2017,Western,Gujarat,24.0,Private,Ther (Gt),Dgen Mega Ccpp,Single Unit,1200.0,0.0,0.0,0.0
8208,9/9/2017,Western,Gujarat,24.0,Private,Ther (Gt),Sugen Ccpp,Single Unit,1147.5,11.49,20.76,1.8091503267973856
8268,9/9/2017,Western,Madhya Pradesh,23.0,Central,Hydro,Indira Sagar Hps,Single Unit,1000.0,6.33,0.51,0.051000000000000004
8309,9/9/2017,Western,Maharashtra,27.0,State,Hydro,Koyna-Iv Hps,Single Unit,1000.0,3.37,13.16,1.316
8367,9/9/2017,Western,Maharashtra,27.0,Central,Ther (Gt),Ratnagiri Ccpp,Single Unit,2220.0,11.58,9.13,0.41126126126126133
8450,9/9/2017,Southern,Karnataka,29.0,State,Hydro,Sharavathi Hps,Single Unit,1035.0,12.77,8.73,0.8434782608695653
8563,9/9/2017,Southern,Tamil Nadu,33.0,Central,Nuclear,Kudankulam,Unit 1,1000.0,21.6,22.05,2.205
8564,9/9/2017,Southern,Tamil Nadu,33.0,Central,Nuclear,Kudankulam,Unit 2,1000.0,19.27,0.0,0.0
8687,9/9/2017,Eastern,Sikkim,11.0,State,Hydro,Teesta-Iii Hps,Single Unit,1200.0,24.0,21.73,1.8108333333333333
8796,9/10/2017,Northern,Delhi,7.0,State,Ther (Gt),Pragati Ccgt-Iii,Single Unit,1500.0,6.0,7.7,0.5133333333333333
8819,9/10/2017,Northern,Himachal Pradesh,2.0,State,Hydro,Bhakra H P S,Single Unit,1325.0,16.44,21.79,1.6445283018867922
8832,9/10/2017,Northern,Himachal Pradesh,2.0,Private,Hydro,Karcham Wangtoo Hps,Single Unit,1000.0,16.67,14.82,1.482
8842,9/10/2017,Northern,Himachal Pradesh,2.0,Central,Hydro,Nathpa Jhakri Hps,Single Unit,1500.0,26.63,26.15,1.7433333333333332
8951,9/10/2017,Northern,Uttarakhand,5.0,Central,Hydro,Tehri St-1 Hps,Single Unit,1000.0,12.9,10.52,1.052
9153,9/10/2017,Western,Gujarat,24.0,State,Hydro,S Sarovar Rbph Hps,Single Unit,1200.0,28.4,0.0,0.0
9181,9/10/2017,Western,Gujarat,24.0,Private,Ther (Gt),Dgen Mega Ccpp,Single Unit,1200.0,0.0,0.0,0.0
9185,9/10/2017,Western,Gujarat,24.0,Private,Ther (Gt),Sugen Ccpp,Single Unit,1147.5,11.49,20.33,1.7716775599128538
9245,9/10/2017,Western,Madhya Pradesh,23.0,Central,Hydro,Indira Sagar Hps,Single Unit,1000.0,6.33,0.68,0.068
9286,9/10/2017,Western,Maharashtra,27.0,State,Hydro,Koyna-Iv Hps,Single Unit,1000.0,3.37,12.78,1.278
9344,9/10/2017,Western,Maharashtra,27.0,Central,Ther (Gt),Ratnagiri Ccpp,Single Unit,2220.0,11.58,13.06,0.5882882882882883
9427,9/10/2017,Southern,Karnataka,29.0,State,Hydro,Sharavathi Hps,Single Unit,1035.0,12.77,5.95,0.5748792270531401
9540,9/10/2017,Southern,Tamil Nadu,33.0,Central,Nuclear,Kudankulam,Unit 1,1000.0,21.6,22.91,2.291
9541,9/10/2017,Southern,Tamil Nadu,33.0,Central,Nuclear,Kudankulam,Unit 2,1000.0,19.27,0.0,0.0
9664,9/10/2017,Eastern,Sikkim,11.0,State,Hydro,Teesta-Iii Hps,Single Unit,1200.0,24.0,21.75,1.8124999999999998
9773,9/11/2017,Northern,Delhi,7.0,State,Ther (Gt),Pragati Ccgt-Iii,Single Unit,1500.0,6.0,7.71,0.514
9796,9/11/2017,Northern,Himachal Pradesh,2.0,State,Hydro,Bhakra H P S,Single Unit,1325.0,16.44,23.05,1.7396226415094342
9809,9/11/2017,Northern,Himachal Pradesh,2.0,Private,Hydro,Karcham Wangtoo Hps,Single Unit,1000.0,16.67,15.29,1.529
9819,9/11/2017,Northern,Himachal Pradesh,2.0,Central,Hydro,Nathpa Jhakri Hps,Single Unit,1500.0,26.63,27.35,1.8233333333333335
9928,9/11/2017,Northern,Uttarakhand,5.0,Central,Hydro,Tehri St-1 Hps,Single Unit,1000.0,12.9,10.34,1.034
10130,9/11/2017,Western,Gujarat,24.0,State,Hydro,S Sarovar Rbph Hps,Single Unit,1200.0,28.4,0.0,0.0
10158,9/11/2017,Western,Gujarat,24.0,Private,Ther (Gt),Dgen Mega Ccpp,Single Unit,1200.0,0.0,0.0,0.0
10162,9/11/2017,Western,Gujarat,24.0,Private,Ther (Gt),Sugen Ccpp,Single Unit,1147.5,11.49,20.32,1.770806100217865
10222,9/11/2017,Western,Madhya Pradesh,23.0,Central,Hydro,Indira Sagar Hps,Single Unit,1000.0,6.33,11.88,1.188
10263,9/11/2017,Western,Maharashtra,27.0,State,Hydro,Koyna-Iv Hps,Single Unit,1000.0,3.37,15.47,1.5470000000000002
10321,9/11/2017,Western,Maharashtra,27.0,Central,Ther (Gt),Ratnagiri Ccpp,Single Unit,2220.0,11.58,13.09,0.5896396396396396
10404,9/11/2017,Southern,Karnataka,29.0,State,Hydro,Sharavathi Hps,Single Unit,1035.0,12.77,10.56,1.0202898550724637
10517,9/11/2017,Southern,Tamil Nadu,33.0,Central,Nuclear,Kudankulam,Unit 1,1000.0,21.6,22.91,2.291
10518,9/11/2017,Southern,Tamil Nadu,33.0,Central,Nuclear,Kudankulam,Unit 2,1000.0,19.27,0.0,0.0
10641,9/11/2017,Eastern,Sikkim,11.0,State,Hydro,Teesta-Iii Hps,Single Unit,1200.0,24.0,21.74,1.8116666666666665
10750,9/12/2017,Northern,Delhi,7.0,State,Ther (Gt),Pragati Ccgt-Iii,Single Unit,1500.0,6.0,7.66,0.5106666666666666
10773,9/12/2017,Northern,Himachal Pradesh,2.0,State,Hydro,Bhakra H P S,Single Unit,1325.0,16.44,23.75,1.7924528301886793
10786,9/12/2017,Northern,Himachal Pradesh,2.0,Private,Hydro,Karcham Wangtoo Hps,Single Unit,1000.0,16.67,14.55,1.455
10796,9/12/2017,Northern,Himachal Pradesh,2.0,Central,Hydro,Nathpa Jhakri Hps,Single Unit,1500.0,26.63,24.63,1.6420000000000001
10905,9/12/2017,Northern,Uttarakhand,5.0,Central,Hydro,Tehri St-1 Hps,Single Unit,1000.0,12.9,10.77,1.077
11107,9/12/2017,Western,Gujarat,24.0,State,Hydro,S Sarovar Rbph Hps,Single Unit,1200.0,28.4,0.0,0.0
11135,9/12/2017,Western,Gujarat,24.0,Private,Ther (Gt),Dgen Mega Ccpp,Single Unit,1200.0,0.0,0.0,0.0
11139,9/12/2017,Western,Gujarat,24.0,Private,Ther (Gt),Sugen Ccpp,Single Unit,1147.5,11.49,20.66,1.8004357298474944
11199,9/12/2017,Western,Madhya Pradesh,23.0,Central,Hydro,Indira Sagar Hps,Single Unit,1000.0,6.33,21.48,2.1479999999999997
11240,9/12/2017,Western,Maharashtra,27.0,State,Hydro,Koyna-Iv Hps,Single Unit,1000.0,3.37,20.06,2.006
11298,9/12/2017,Western,Maharashtra,27.0,Central,Ther (Gt),Ratnagiri Ccpp,Single Unit,2220.0,11.58,12.92,0.581981981981982
11381,9/12/2017,Southern,Karnataka,29.0,State,Hydro,Sharavathi Hps,Single Unit,1035.0,12.77,11.64,1.1246376811594203
11494,9/12/2017,Southern,Tamil Nadu,33.0,Central,Nuclear,Kudankulam,Unit 1,1000.0,21.6,23.16,2.316
11495,9/12/2017,Southern,Tamil Nadu,33.0,Central,Nuclear,Kudankulam,Unit 2,1000.0,19.27,0.0,0.0
11618,9/12/2017,Eastern,Sikkim,11.0,State,Hydro,Teesta-Iii Hps,Single Unit,1200.0,24.0,21.42,1.7850000000000001
11727,9/13/2017,Northern,Delhi,7.0,State,Ther (Gt),Pragati Ccgt-Iii,Single Unit,1500.0,6.0,10.29,0.6859999999999999
11750,9/13/2017,Northern,Himachal Pradesh,2.0,State,Hydro,Bhakra H P S,Single Unit,1325.0,16.44,23.84,1.799245283018868
11763,9/13/2017,Northern,Himachal Pradesh,2.0,Private,Hydro,Karcham Wangtoo Hps,Single Unit,1000.0,16.67,13.91,1.391
11773,9/13/2017,Northern,Himachal Pradesh,2.0,Central,Hydro,Nathpa Jhakri Hps,Single Unit,1500.0,26.63,24.62,1.6413333333333335
11882,9/13/2017,Northern,Uttarakhand,5.0,Central,Hydro,Tehri St-1 Hps,Single Unit,1000.0,12.9,10.32,1.032
12084,9/13/2017,Western,Gujarat,24.0,State,Hydro,S Sarovar Rbph Hps,Single Unit,1200.0,28.4,0.0,0.0
12112,9/13/2017,Western,Gujarat,24.0,Private,Ther (Gt),Dgen Mega Ccpp,Single Unit,1200.0,0.0,0.0,0.0
12116,9/13/2017,Western,Gujarat,24.0,Private,Ther (Gt),Sugen Ccpp,Single Unit,1147.5,11.49,22.58,1.967755991285403
12176,9/13/2017,Western,Madhya Pradesh,23.0,Central,Hydro,Indira Sagar Hps,Single Unit,1000.0,6.33,21.44,2.144
12217,9/13/2017,Western,Maharashtra,27.0,State,Hydro,Koyna-Iv Hps,Single Unit,1000.0,3.37,6.79,0.679
12275,9/13/2017,Western,Maharashtra,27.0,Central,Ther (Gt),Ratnagiri Ccpp,Single Unit,2220.0,11.58,13.38,0.6027027027027028
12358,9/13/2017,Southern,Karnataka,29.0,State,Hydro,Sharavathi Hps,Single Unit,1035.0,12.77,12.36,1.1942028985507245
12471,9/13/2017,Southern,Tamil Nadu,33.0,Central,Nuclear,Kudankulam,Unit 1,1000.0,21.6,23.27,2.327
12472,9/13/2017,Southern,Tamil Nadu,33.0,Central,Nuclear,Kudankulam,Unit 2,1000.0,19.27,0.0,0.0
12595,9/13/2017,Eastern,Sikkim,11.0,State,Hydro,Teesta-Iii Hps,Single Unit,1200.0,24.0,21.74,1.8116666666666665
12704,9/14/2017,Northern,Delhi,7.0,State,Ther (Gt),Pragati Ccgt-Iii,Single Unit,1500.0,6.0,11.77,0.7846666666666666
12727,9/14/2017,Northern,Himachal Pradesh,2.0,State,Hydro,Bhakra H P S,Single Unit,1325.0,16.44,23.48,1.7720754716981133
12740,9/14/2017,Northern,Himachal Pradesh,2.0,Private,Hydro,Karcham Wangtoo Hps,Single Unit,1000.0,16.67,13.72,1.372
12750,9/14/2017,Northern,Himachal Pradesh,2.0,Central,Hydro,Nathpa Jhakri Hps,Single Unit,1500.0,26.63,24.23,1.6153333333333333
12859,9/14/2017,Northern,Uttarakhand,5.0,Central,Hydro,Tehri St-1 Hps,Single Unit,1000.0,12.9,10.37,1.037
13061,9/14/2017,Western,Gujarat,24.0,State,Hydro,S Sarovar Rbph Hps,Single Unit,1200.0,28.4,0.0,0.0
13089,9/14/2017,Western,Gujarat,24.0,Private,Ther (Gt),Dgen Mega Ccpp,Single Unit,1200.0,0.0,0.0,0.0
13093,9/14/2017,Western,Gujarat,24.0,Private,Ther (Gt),Sugen Ccpp,Single Unit,1147.5,11.49,24.34,2.121132897603486
13153,9/14/2017,Western,Madhya Pradesh,23.0,Central,Hydro,Indira Sagar Hps,Single Unit,1000.0,6.33,21.39,2.139
13194,9/14/2017,Western,Maharashtra,27.0,State,Hydro,Koyna-Iv Hps,Single Unit,1000.0,3.37,7.58,0.758
13252,9/14/2017,Western,Maharashtra,27.0,Central,Ther (Gt),Ratnagiri Ccpp,Single Unit,2220.0,11.58,13.28,0.5981981981981982
13335,9/14/2017,Southern,Karnataka,29.0,State,Hydro,Sharavathi Hps,Single Unit,1035.0,12.77,7.19,0.6946859903381642
13448,9/14/2017,Southern,Tamil Nadu,33.0,Central,Nuclear,Kudankulam,Unit 1,1000.0,21.6,17.66,1.7659999999999998
13449,9/14/2017,Southern,Tamil Nadu,33.0,Central,Nuclear,Kudankulam,Unit 2,1000.0,19.27,0.0,0.0
13572,9/14/2017,Eastern,Sikkim,11.0,State,Hydro,Teesta-Iii Hps,Single Unit,1200.0,24.0,21.61,1.8008333333333335
13681,9/15/2017,Northern,Delhi,7.0,State,Ther (Gt),Pragati Ccgt-Iii,Single Unit,1500.0,6.0,11.14,0.7426666666666667
13704,9/15/2017,Northern,Himachal Pradesh,2.0,State,Hydro,Bhakra H P S,Single Unit,1325.0,16.44,23.1,1.7433962264150944
13717,9/15/2017,Northern,Himachal Pradesh,2.0,Private,Hydro,Karcham Wangtoo Hps,Single Unit,1000.0,16.67,13.35,1.335
13727,9/15/2017,Northern,Himachal Pradesh,2.0,Central,Hydro,Nathpa Jhakri Hps,Single Unit,1500.0,26.63,24.96,1.6640000000000001
13836,9/15/2017,Northern,Uttarakhand,5.0,Central,Hydro,Tehri St-1 Hps,Single Unit,1000.0,12.9,9.32,0.932
14038,9/15/2017,Western,Gujarat,24.0,State,Hydro,S Sarovar Rbph Hps,Single Unit,1200.0,28.4,0.0,0.0
14066,9/15/2017,Western,Gujarat,24.0,Private,Ther (Gt),Dgen Mega Ccpp,Single Unit,1200.0,0.0,0.0,0.0
14070,9/15/2017,Western,Gujarat,24.0,Private,Ther (Gt),Sugen Ccpp,Single Unit,1147.5,11.49,21.83,1.9023965141612198
14130,9/15/2017,Western,Madhya Pradesh,23.0,Central,Hydro,Indira Sagar Hps,Single Unit,1000.0,6.33,14.98,1.498
14171,9/15/2017,Western,Maharashtra,27.0,State,Hydro,Koyna-Iv Hps,Single Unit,1000.0,3.37,0.51,0.051000000000000004
14229,9/15/2017,Western,Maharashtra,27.0,Central,Ther (Gt),Ratnagiri Ccpp,Single Unit,2220.0,11.58,13.15,0.5923423423423424
14312,9/15/2017,Southern,Karnataka,29.0,State,Hydro,Sharavathi Hps,Single Unit,1035.0,12.77,4.81,0.4647342995169082
14425,9/15/2017,Southern,Tamil Nadu,33.0,Central,Nuclear,Kudankulam,Unit 1,1000.0,21.6,14.23,1.423
14426,9/15/2017,Southern,Tamil Nadu,33.0,Central,Nuclear,Kudankulam,Unit 2,1000.0,19.27,0.0,0.0
14549,9/15/2017,Eastern,Sikkim,11.0,State,Hydro,Teesta-Iii Hps,Single Unit,1200.0,24.0,21.68,1.8066666666666664
14658,9/16/2017,Northern,Delhi,7.0,State,Ther (Gt),Pragati Ccgt-Iii,Single Unit,1500.0,6.0,11.57,0.7713333333333333
14681,9/16/2017,Northern,Himachal Pradesh,2.0,State,Hydro,Bhakra H P S,Single Unit,1325.0,16.44,23.26,1.7554716981132077
14694,9/16/2017,Northern,Himachal Pradesh,2.0,Private,Hydro,Karcham Wangtoo Hps,Single Unit,1000.0,16.67,12.06,1.2060000000000002
14704,9/16/2017,Northern,Himachal Pradesh,2.0,Central,Hydro,Nathpa Jhakri Hps,Single Unit,1500.0,26.63,21.71,1.4473333333333334
14813,9/16/2017,Northern,Uttarakhand,5.0,Central,Hydro,Tehri St-1 Hps,Single Unit,1000.0,12.9,9.23,0.923
15015,9/16/2017,Western,Gujarat,24.0,State,Hydro,S Sarovar Rbph Hps,Single Unit,1200.0,28.4,0.0,0.0
15043,9/16/2017,Western,Gujarat,24.0,Private,Ther (Gt),Dgen Mega Ccpp,Single Unit,1200.0,0.0,0.0,0.0
15047,9/16/2017,Western,Gujarat,24.0,Private,Ther (Gt),Sugen Ccpp,Single Unit,1147.5,11.49,19.81,1.7263616557734205
15107,9/16/2017,Western,Madhya Pradesh,23.0,Central,Hydro,Indira Sagar Hps,Single Unit,1000.0,6.33,0.0,0.0
15148,9/16/2017,Western,Maharashtra,27.0,State,Hydro,Koyna-Iv Hps,Single Unit,1000.0,3.37,0.0,0.0
15206,9/16/2017,Western,Maharashtra,27.0,Central,Ther (Gt),Ratnagiri Ccpp,Single Unit,2220.0,11.58,13.35,0.6013513513513513
15289,9/16/2017,Southern,Karnataka,29.0,State,Hydro,Sharavathi Hps,Single Unit,1035.0,12.77,5.85,0.5652173913043478
15402,9/16/2017,Southern,Tamil Nadu,33.0,Central,Nuclear,Kudankulam,Unit 1,1000.0,21.6,16.49,1.6489999999999998
15403,9/16/2017,Southern,Tamil Nadu,33.0,Central,Nuclear,Kudankulam,Unit 2,1000.0,19.27,0.0,0.0
15526,9/16/2017,Eastern,Sikkim,11.0,State,Hydro,Teesta-Iii Hps,Single Unit,1200.0,24.0,16.37,1.3641666666666667
15635,9/17/2017,Northern,Delhi,7.0,State,Ther (Gt),Pragati Ccgt-Iii,Single Unit,1500.0,6.0,11.13,0.742
15658,9/17/2017,Northern,Himachal Pradesh,2.0,State,Hydro,Bhakra H P S,Single Unit,1325.0,16.44,23.29,1.7577358490566037
15671,9/17/2017,Northern,Himachal Pradesh,2.0,Private,Hydro,Karcham Wangtoo Hps,Single Unit,1000.0,16.67,12.17,1.217
15681,9/17/2017,Northern,Himachal Pradesh,2.0,Central,Hydro,Nathpa Jhakri Hps,Single Unit,1500.0,26.63,22.88,1.5253333333333332
15790,9/17/2017,Northern,Uttarakhand,5.0,Central,Hydro,Tehri St-1 Hps,Single Unit,1000.0,12.9,9.62,0.962
15992,9/17/2017,Western,Gujarat,24.0,State,Hydro,S Sarovar Rbph Hps,Single Unit,1200.0,28.4,0.0,0.0
16020,9/17/2017,Western,Gujarat,24.0,Private,Ther (Gt),Dgen Mega Ccpp,Single Unit,1200.0,0.0,0.0,0.0
16024,9/17/2017,Western,Gujarat,24.0,Private,Ther (Gt),Sugen Ccpp,Single Unit,1147.5,11.49,19.97,1.740305010893246
16084,9/17/2017,Western,Madhya Pradesh,23.0,Central,Hydro,Indira Sagar Hps,Single Unit,1000.0,6.33,0.15,0.015
16125,9/17/2017,Western,Maharashtra,27.0,State,Hydro,Koyna-Iv Hps,Single Unit,1000.0,3.37,0.0,0.0
16183,9/17/2017,Western,Maharashtra,27.0,Central,Ther (Gt),Ratnagiri Ccpp,Single Unit,2220.0,11.58,11.83,0.5328828828828829
16266,9/17/2017,Southern,Karnataka,29.0,State,Hydro,Sharavathi Hps,Single Unit,1035.0,12.77,3.45,0.33333333333333337
16379,9/17/2017,Southern,Tamil Nadu,33.0,Central,Nuclear,Kudankulam,Unit 1,1000.0,21.6,23.27,2.327
16380,9/17/2017,Southern,Tamil Nadu,33.0,Central,Nuclear,Kudankulam,Unit 2,1000.0,19.27,0.0,0.0
16503,9/17/2017,Eastern,Sikkim,11.0,State,Hydro,Teesta-Iii Hps,Single Unit,1200.0,24.0,21.47,1.7891666666666666
16612,9/18/2017,Northern,Delhi,7.0,State,Ther (Gt),Pragati Ccgt-Iii,Single Unit,1500.0,6.0,10.41,0.694
16635,9/18/2017,Northern,Himachal Pradesh,2.0,State,Hydro,Bhakra H P S,Single Unit,1325.0,16.44,23.52,1.7750943396226415
16648,9/18/2017,Northern,Himachal Pradesh,2.0,Private,Hydro,Karcham Wangtoo Hps,Single Unit,1000.0,16.67,11.8,1.1800000000000002
16658,9/18/2017,Northern,Himachal Pradesh,2.0,Central,Hydro,Nathpa Jhakri Hps,Single Unit,1500.0,26.63,22.32,1.488
16767,9/18/2017,Northern,Uttarakhand,5.0,Central,Hydro,Tehri St-1 Hps,Single Unit,1000.0,12.9,10.17,1.0170000000000001
16969,9/18/2017,Western,Gujarat,24.0,State,Hydro,S Sarovar Rbph Hps,Single Unit,1200.0,28.4,0.0,0.0
16997,9/18/2017,Western,Gujarat,24.0,Private,Ther (Gt),Dgen Mega Ccpp,Single Unit,1200.0,0.0,0.0,0.0
17001,9/18/2017,Western,Gujarat,24.0,Private,Ther (Gt),Sugen Ccpp,Single Unit,1147.5,11.49,22.92,1.9973856209150327
17061,9/18/2017,Western,Madhya Pradesh,23.0,Central,Hydro,Indira Sagar Hps,Single Unit,1000.0,6.33,0.0,0.0
17102,9/18/2017,Western,Maharashtra,27.0,State,Hydro,Koyna-Iv Hps,Single Unit,1000.0,3.37,0.0,0.0
17160,9/18/2017,Western,Maharashtra,27.0,Central,Ther (Gt),Ratnagiri Ccpp,Single Unit,2220.0,11.58,12.07,0.5436936936936937
17243,9/18/2017,Southern,Karnataka,29.0,State,Hydro,Sharavathi Hps,Single Unit,1035.0,12.77,2.75,0.26570048309178745
17356,9/18/2017,Southern,Tamil Nadu,33.0,Central,Nuclear,Kudankulam,Unit 1,1000.0,21.6,23.46,2.346
17357,9/18/2017,Southern,Tamil Nadu,33.0,Central,Nuclear,Kudankulam,Unit 2,1000.0,19.27,0.0,0.0
17480,9/18/2017,Eastern,Sikkim,11.0,State,Hydro,Teesta-Iii Hps,Single Unit,1200.0,24.0,18.43,1.5358333333333334
17589,9/19/2017,Northern,Delhi,7.0,State,Ther (Gt),Pragati Ccgt-Iii,Single Unit,1500.0,6.0,11.62,0.7746666666666666
17612,9/19/2017,Northern,Himachal Pradesh,2.0,State,Hydro,Bhakra H P S,Single Unit,1325.0,16.44,21.74,1.6407547169811318
17625,9/19/2017,Northern,Himachal Pradesh,2.0,Private,Hydro,Karcham Wangtoo Hps,Single Unit,1000.0,16.67,12.32,1.2320000000000002
17635,9/19/2017,Northern,Himachal Pradesh,2.0,Central,Hydro,Nathpa Jhakri Hps,Single Unit,1500.0,26.63,22.48,1.4986666666666668
17744,9/19/2017,Northern,Uttarakhand,5.0,Central,Hydro,Tehri St-1 Hps,Single Unit,1000.0,12.9,9.68,0.968
17946,9/19/2017,Western,Gujarat,24.0,State,Hydro,S Sarovar Rbph Hps,Single Unit,1200.0,28.4,0.0,0.0
17974,9/19/2017,Western,Gujarat,24.0,Private,Ther (Gt),Dgen Mega Ccpp,Single Unit,1200.0,0.0,0.0,0.0
17978,9/19/2017,Western,Gujarat,24.0,Private,Ther (Gt),Sugen Ccpp,Single Unit,1147.5,11.49,20.0,1.7429193899782136
18038,9/19/2017,Western,Madhya Pradesh,23.0,Central,Hydro,Indira Sagar Hps,Single Unit,1000.0,6.33,1.59,0.159
18079,9/19/2017,Western,Maharashtra,27.0,State,Hydro,Koyna-Iv Hps,Single Unit,1000.0,3.37,0.0,0.0
18137,9/19/2017,Western,Maharashtra,27.0,Central,Ther (Gt),Ratnagiri Ccpp,Single Unit,2220.0,11.58,12.11,0.5454954954954955
18220,9/19/2017,Southern,Karnataka,29.0,State,Hydro,Sharavathi Hps,Single Unit,1035.0,12.77,2.31,0.22318840579710147
18333,9/19/2017,Southern,Tamil Nadu,33.0,Central,Nuclear,Kudankulam,Unit 1,1000.0,21.6,23.45,2.3449999999999998
18334,9/19/2017,Southern,Tamil Nadu,33.0,Central,Nuclear,Kudankulam,Unit 2,1000.0,19.27,0.0,0.0
18457,9/19/2017,Eastern,Sikkim,11.0,State,Hydro,Teesta-Iii Hps,Single Unit,1200.0,24.0,21.54,1.7950000000000002
18566,9/20/2017,Northern,Delhi,7.0,State,Ther (Gt),Pragati Ccgt-Iii,Single Unit,1500.0,6.0,11.62,0.7746666666666666
18589,9/20/2017,Northern,Himachal Pradesh,2.0,State,Hydro,Bhakra H P S,Single Unit,1325.0,16.44,19.64,1.4822641509433963
18602,9/20/2017,Northern,Himachal Pradesh,2.0,Private,Hydro,Karcham Wangtoo Hps,Single Unit,1000.0,16.67,11.73,1.173
18612,9/20/2017,Northern,Himachal Pradesh,2.0,Central,Hydro,Nathpa Jhakri Hps,Single Unit,1500.0,26.63,22.03,1.4686666666666668
18721,9/20/2017,Northern,Uttarakhand,5.0,Central,Hydro,Tehri St-1 Hps,Single Unit,1000.0,12.9,7.91,0.791
18923,9/20/2017,Western,Gujarat,24.0,State,Hydro,S Sarovar Rbph Hps,Single Unit,1200.0,28.4,0.0,0.0
18951,9/20/2017,Western,Gujarat,24.0,Private,Ther (Gt),Dgen Mega Ccpp,Single Unit,1200.0,0.0,0.0,0.0
18955,9/20/2017,Western,Gujarat,24.0,Private,Ther (Gt),Sugen Ccpp,Single Unit,1147.5,11.49,20.71,1.8047930283224403
19015,9/20/2017,Western,Madhya Pradesh,23.0,Central,Hydro,Indira Sagar Hps,Single Unit,1000.0,6.33,3.22,0.322
19056,9/20/2017,Western,Maharashtra,27.0,State,Hydro,Koyna-Iv Hps,Single Unit,1000.0,3.37,0.0,0.0
19114,9/20/2017,Western,Maharashtra,27.0,Central,Ther (Gt),Ratnagiri Ccpp,Single Unit,2220.0,11.58,12.29,0.5536036036036035
19197,9/20/2017,Southern,Karnataka,29.0,State,Hydro,Sharavathi Hps,Single Unit,1035.0,12.77,3.0,0.2898550724637681
19310,9/20/2017,Southern,Tamil Nadu,33.0,Central,Nuclear,Kudankulam,Unit 1,1000.0,21.6,23.55,2.355
19311,9/20/2017,Southern,Tamil Nadu,33.0,Central,Nuclear,Kudankulam,Unit 2,1000.0,19.27,0.0,0.0
19434,9/20/2017,Eastern,Sikkim,11.0,State,Hydro,Teesta-Iii Hps,Single Unit,1200.0,24.0,21.66,1.805
19543,9/21/2017,Northern,Delhi,7.0,State,Ther (Gt),Pragati Ccgt-Iii,Single Unit,1500.0,6.0,11.59,0.7726666666666666
19566,9/21/2017,Northern,Himachal Pradesh,2.0,State,Hydro,Bhakra H P S,Single Unit,1325.0,16.44,19.46,1.4686792452830189
19579,9/21/2017,Northern,Himachal Pradesh,2.0,Private,Hydro,Karcham Wangtoo Hps,Single Unit,1000.0,16.67,11.91,1.191
19589,9/21/2017,Northern,Himachal Pradesh,2.0,Central,Hydro,Nathpa Jhakri Hps,Single Unit,1500.0,26.63,22.22,1.4813333333333334
19698,9/21/2017,Northern,Uttarakhand,5.0,Central,Hydro,Tehri St-1 Hps,Single Unit,1000.0,12.9,7.14,0.714
19900,9/21/2017,Western,Gujarat,24.0,State,Hydro,S Sarovar Rbph Hps,Single Unit,1200.0,28.4,0.0,0.0
19928,9/21/2017,Western,Gujarat,24.0,Private,Ther (Gt),Dgen Mega Ccpp,Single Unit,1200.0,0.0,0.0,0.0
19932,9/21/2017,Western,Gujarat,24.0,Private,Ther (Gt),Sugen Ccpp,Single Unit,1147.5,11.49,20.58,1.7934640522875813
19992,9/21/2017,Western,Madhya Pradesh,23.0,Central,Hydro,Indira Sagar Hps,Single Unit,1000.0,6.33,0.0,0.0
20033,9/21/2017,Western,Maharashtra,27.0,State,Hydro,Koyna-Iv Hps,Single Unit,1000.0,3.37,0.0,0.0
20091,9/21/2017,Western,Maharashtra,27.0,Central,Ther (Gt),Ratnagiri Ccpp,Single Unit,2220.0,11.58,12.61,0.568018018018018
20174,9/21/2017,Southern,Karnataka,29.0,State,Hydro,Sharavathi Hps,Single Unit,1035.0,12.77,3.4,0.32850241545893716
20287,9/21/2017,Southern,Tamil Nadu,33.0,Central,Nuclear,Kudankulam,Unit 1,1000.0,21.6,23.35,2.3350000000000004
20288,9/21/2017,Southern,Tamil Nadu,33.0,Central,Nuclear,Kudankulam,Unit 2,1000.0,19.27,0.0,0.0
20411,9/21/2017,Eastern,Sikkim,11.0,State,Hydro,Teesta-Iii Hps,Single Unit,1200.0,24.0,21.62,1.8016666666666667
20520,9/22/2017,Northern,Delhi,7.0,State,Ther (Gt),Pragati Ccgt-Iii,Single Unit,1500.0,0.0,0.0,0.0
20543,9/22/2017,Northern,Himachal Pradesh,2.0,State,Hydro,Bhakra H P S,Single Unit,1325.0,16.44,17.07,1.288301886792453
20556,9/22/2017,Northern,Himachal Pradesh,2.0,Private,Hydro,Karcham Wangtoo Hps,Single Unit,1000.0,0.0,0.0,0.0
20566,9/22/2017,Northern,Himachal Pradesh,2.0,Central,Hydro,Nathpa Jhakri Hps,Single Unit,1500.0,0.0,0.0,0.0
20675,9/22/2017,Northern,Uttarakhand,5.0,Central,Hydro,Tehri St-1 Hps,Single Unit,1000.0,12.9,7.58,0.758
20877,9/22/2017,Western,Gujarat,24.0,State,Hydro,S Sarovar Rbph Hps,Single Unit,1200.0,28.4,0.0,0.0
20905,9/22/2017,Western,Gujarat,24.0,Private,Ther (Gt),Dgen Mega Ccpp,Single Unit,1200.0,0.0,0.0,0.0
20909,9/22/2017,Western,Gujarat,24.0,Private,Ther (Gt),Sugen Ccpp,Single Unit,1147.5,0.0,0.0,0.0
20969,9/22/2017,Western,Madhya Pradesh,23.0,Central,Hydro,Indira Sagar Hps,Single Unit,1000.0,0.0,0.0,0.0
21010,9/22/2017,Western,Maharashtra,27.0,State,Hydro,Koyna-Iv Hps,Single Unit,1000.0,0.0,0.0,0.0
21068,9/22/2017,Western,Maharashtra,27.0,Central,Ther (Gt),Ratnagiri Ccpp,Single Unit,2220.0,0.0,0.0,0.0
21151,9/22/2017,Southern,Karnataka,29.0,State,Hydro,Sharavathi Hps,Single Unit,1035.0,0.0,0.0,0.0
21264,9/22/2017,Southern,Tamil Nadu,33.0,Central,Nuclear,Kudankulam,Unit 1,1000.0,0.0,0.0,0.0
21265,9/22/2017,Southern,Tamil Nadu,33.0,Central,Nuclear,Kudankulam,Unit 2,1000.0,0.0,0.0,0.0
21388,9/22/2017,Eastern,Sikkim,11.0,State,Hydro,Teesta-Iii Hps,Single Unit,1200.0,0.0,0.0,0.0
21497,9/23/2017,Northern,Delhi,7.0,State,Ther (Gt),Pragati Ccgt-Iii,Single Unit,1500.0,6.0,6.28,0.4186666666666667
21520,9/23/2017,Northern,Himachal Pradesh,2.0,State,Hydro,Bhakra H P S,Single Unit,1325.0,16.44,17.86,1.3479245283018868
21533,9/23/2017,Northern,Himachal Pradesh,2.0,Private,Hydro,Karcham Wangtoo Hps,Single Unit,1000.0,16.67,11.88,1.188
21543,9/23/2017,Northern,Himachal Pradesh,2.0,Central,Hydro,Nathpa Jhakri Hps,Single Unit,1500.0,26.63,33.43,2.228666666666667
21652,9/23/2017,Northern,Uttarakhand,5.0,Central,Hydro,Tehri St-1 Hps,Single Unit,1000.0,12.9,12.12,1.212
21854,9/23/2017,Western,Gujarat,24.0,State,Hydro,S Sarovar Rbph Hps,Single Unit,1200.0,28.4,0.0,0.0
21882,9/23/2017,Western,Gujarat,24.0,Private,Ther (Gt),Dgen Mega Ccpp,Single Unit,1200.0,0.0,0.0,0.0
21886,9/23/2017,Western,Gujarat,24.0,Private,Ther (Gt),Sugen Ccpp,Single Unit,1147.5,11.49,18.36,1.6
21946,9/23/2017,Western,Madhya Pradesh,23.0,Central,Hydro,Indira Sagar Hps,Single Unit,1000.0,6.33,0.14,0.014000000000000002
21987,9/23/2017,Western,Maharashtra,27.0,State,Hydro,Koyna-Iv Hps,Single Unit,1000.0,3.37,2.48,0.248
22045,9/23/2017,Western,Maharashtra,27.0,Central,Ther (Gt),Ratnagiri Ccpp,Single Unit,2220.0,11.58,12.45,0.5608108108108109
22128,9/23/2017,Southern,Karnataka,29.0,State,Hydro,Sharavathi Hps,Single Unit,1035.0,12.77,6.37,0.6154589371980677
22241,9/23/2017,Southern,Tamil Nadu,33.0,Central,Nuclear,Kudankulam,Unit 1,1000.0,21.6,23.52,2.352
22242,9/23/2017,Southern,Tamil Nadu,33.0,Central,Nuclear,Kudankulam,Unit 2,1000.0,19.27,0.0,0.0
22365,9/23/2017,Eastern,Sikkim,11.0,State,Hydro,Teesta-Iii Hps,Single Unit,1200.0,24.0,21.54,1.7950000000000002
22474,9/24/2017,Northern,Delhi,7.0,State,Ther (Gt),Pragati Ccgt-Iii,Single Unit,1500.0,6.0,6.28,0.4186666666666667
22497,9/24/2017,Northern,Himachal Pradesh,2.0,State,Hydro,Bhakra H P S,Single Unit,1325.0,16.44,15.29,1.1539622641509433
22510,9/24/2017,Northern,Himachal Pradesh,2.0,Private,Hydro,Karcham Wangtoo Hps,Single Unit,1000.0,16.67,15.67,1.567
22520,9/24/2017,Northern,Himachal Pradesh,2.0,Central,Hydro,Nathpa Jhakri Hps,Single Unit,1500.0,26.63,33.43,2.228666666666667
22629,9/24/2017,Northern,Uttarakhand,5.0,Central,Hydro,Tehri St-1 Hps,Single Unit,1000.0,12.9,12.12,1.212
22831,9/24/2017,Western,Gujarat,24.0,State,Hydro,S Sarovar Rbph Hps,Single Unit,1200.0,28.4,0.0,0.0
22859,9/24/2017,Western,Gujarat,24.0,Private,Ther (Gt),Dgen Mega Ccpp,Single Unit,1200.0,0.0,0.0,0.0
22863,9/24/2017,Western,Gujarat,24.0,Private,Ther (Gt),Sugen Ccpp,Single Unit,1147.5,11.49,18.18,1.584313725490196
22923,9/24/2017,Western,Madhya Pradesh,23.0,Central,Hydro,Indira Sagar Hps,Single Unit,1000.0,6.33,0.31,0.031
22964,9/24/2017,Western,Maharashtra,27.0,State,Hydro,Koyna-Iv Hps,Single Unit,1000.0,3.37,3.42,0.34199999999999997
23022,9/24/2017,Western,Maharashtra,27.0,Central,Ther (Gt),Ratnagiri Ccpp,Single Unit,2220.0,11.58,12.6,0.5675675675675675
23105,9/24/2017,Southern,Karnataka,29.0,State,Hydro,Sharavathi Hps,Single Unit,1035.0,12.77,4.74,0.4579710144927537
23218,9/24/2017,Southern,Tamil Nadu,33.0,Central,Nuclear,Kudankulam,Unit 1,1000.0,21.6,23.45,2.3449999999999998
23219,9/24/2017,Southern,Tamil Nadu,33.0,Central,Nuclear,Kudankulam,Unit 2,1000.0,19.27,0.0,0.0
23342,9/24/2017,Eastern,Sikkim,11.0,State,Hydro,Teesta-Iii Hps,Single Unit,1200.0,24.0,14.23,1.1858333333333333
23451,9/25/2017,Northern,Delhi,7.0,State,Ther (Gt),Pragati Ccgt-Iii,Single Unit,1500.0,6.0,2.92,0.19466666666666665
23474,9/25/2017,Northern,Himachal Pradesh,2.0,State,Hydro,Bhakra H P S,Single Unit,1325.0,16.44,16.96,1.28
23487,9/25/2017,Northern,Himachal Pradesh,2.0,Private,Hydro,Karcham Wangtoo Hps,Single Unit,1000.0,16.67,16.55,1.6550000000000002
23497,9/25/2017,Northern,Himachal Pradesh,2.0,Central,Hydro,Nathpa Jhakri Hps,Single Unit,1500.0,26.63,32.61,2.174
23606,9/25/2017,Northern,Uttarakhand,5.0,Central,Hydro,Tehri St-1 Hps,Single Unit,1000.0,12.9,18.7,1.8699999999999999
23808,9/25/2017,Western,Gujarat,24.0,State,Hydro,S Sarovar Rbph Hps,Single Unit,1200.0,28.4,0.0,0.0
23836,9/25/2017,Western,Gujarat,24.0,Private,Ther (Gt),Dgen Mega Ccpp,Single Unit,1200.0,0.0,0.0,0.0
23840,9/25/2017,Western,Gujarat,24.0,Private,Ther (Gt),Sugen Ccpp,Single Unit,1147.5,11.49,18.18,1.584313725490196
23900,9/25/2017,Western,Madhya Pradesh,23.0,Central,Hydro,Indira Sagar Hps,Single Unit,1000.0,6.33,0.4,0.04
23941,9/25/2017,Western,Maharashtra,27.0,State,Hydro,Koyna-Iv Hps,Single Unit,1000.0,3.37,3.48,0.348
23999,9/25/2017,Western,Maharashtra,27.0,Central,Ther (Gt),Ratnagiri Ccpp,Single Unit,2220.0,11.58,12.6,0.5675675675675675
24082,9/25/2017,Southern,Karnataka,29.0,State,Hydro,Sharavathi Hps,Single Unit,1035.0,12.77,4.14,0.4
24195,9/25/2017,Southern,Tamil Nadu,33.0,Central,Nuclear,Kudankulam,Unit 1,1000.0,21.6,23.48,2.348
24196,9/25/2017,Southern,Tamil Nadu,33.0,Central,Nuclear,Kudankulam,Unit 2,1000.0,19.27,0.0,0.0
24319,9/25/2017,Eastern,Sikkim,11.0,State,Hydro,Teesta-Iii Hps,Single Unit,1200.0,24.0,21.56,1.7966666666666666
24428,9/26/2017,Northern,Delhi,7.0,State,Ther (Gt),Pragati Ccgt-Iii,Single Unit,1500.0,6.0,0.0,0.0
24451,9/26/2017,Northern,Himachal Pradesh,2.0,State,Hydro,Bhakra H P S,Single Unit,1325.0,16.44,17.21,1.298867924528302
24464,9/26/2017,Northern,Himachal Pradesh,2.0,Private,Hydro,Karcham Wangtoo Hps,Single Unit,1000.0,16.67,13.79,1.3789999999999998
24474,9/26/2017,Northern,Himachal Pradesh,2.0,Central,Hydro,Nathpa Jhakri Hps,Single Unit,1500.0,26.63,25.07,1.6713333333333333
24583,9/26/2017,Northern,Uttarakhand,5.0,Central,Hydro,Tehri St-1 Hps,Single Unit,1000.0,12.9,8.97,0.897
24785,9/26/2017,Western,Gujarat,24.0,State,Hydro,S Sarovar Rbph Hps,Single Unit,1200.0,28.4,0.0,0.0
24813,9/26/2017,Western,Gujarat,24.0,Private,Ther (Gt),Dgen Mega Ccpp,Single Unit,1200.0,0.0,0.0,0.0
24817,9/26/2017,Western,Gujarat,24.0,Private,Ther (Gt),Sugen Ccpp,Single Unit,1147.5,11.49,21.04,1.8335511982570805
24877,9/26/2017,Western,Madhya Pradesh,23.0,Central,Hydro,Indira Sagar Hps,Single Unit,1000.0,6.33,0.45,0.045
24918,9/26/2017,Western,Maharashtra,27.0,State,Hydro,Koyna-Iv Hps,Single Unit,1000.0,3.37,4.48,0.44800000000000006
24977,9/26/2017,Western,Maharashtra,27.0,Central,Ther (Gt),Ratnagiri Ccpp,Single Unit,2220.0,11.58,12.6,0.5675675675675675
25060,9/26/2017,Southern,Karnataka,29.0,State,Hydro,Sharavathi Hps,Single Unit,1035.0,12.77,5.6,0.5410628019323671
25173,9/26/2017,Southern,Tamil Nadu,33.0,Central,Nuclear,Kudankulam,Unit 1,1000.0,21.6,20.16,2.016
25174,9/26/2017,Southern,Tamil Nadu,33.0,Central,Nuclear,Kudankulam,Unit 2,1000.0,19.27,0.0,0.0
25297,9/26/2017,Eastern,Sikkim,11.0,State,Hydro,Teesta-Iii Hps,Single Unit,1200.0,24.0,21.57,1.7975
25406,9/27/2017,Northern,Delhi,7.0,State,Ther (Gt),Pragati Ccgt-Iii,Single Unit,1500.0,6.0,1.94,0.12933333333333333
25429,9/27/2017,Northern,Himachal Pradesh,2.0,State,Hydro,Bhakra H P S,Single Unit,1325.0,16.44,17.8,1.3433962264150943
25442,9/27/2017,Northern,Himachal Pradesh,2.0,Private,Hydro,Karcham Wangtoo Hps,Single Unit,1000.0,16.67,12.15,1.215
25452,9/27/2017,Northern,Himachal Pradesh,2.0,Central,Hydro,Nathpa Jhakri Hps,Single Unit,1500.0,26.63,24.02,1.6013333333333335
25561,9/27/2017,Northern,Uttarakhand,5.0,Central,Hydro,Tehri St-1 Hps,Single Unit,1000.0,12.9,7.96,0.796
25763,9/27/2017,Western,Gujarat,24.0,State,Hydro,S Sarovar Rbph Hps,Single Unit,1200.0,28.4,0.0,0.0
25791,9/27/2017,Western,Gujarat,24.0,Private,Ther (Gt),Dgen Mega Ccpp,Single Unit,1200.0,0.0,0.0,0.0
25795,9/27/2017,Western,Gujarat,24.0,Private,Ther (Gt),Sugen Ccpp,Single Unit,1147.5,11.49,21.68,1.8893246187363835
25855,9/27/2017,Western,Madhya Pradesh,23.0,Central,Hydro,Indira Sagar Hps,Single Unit,1000.0,6.33,0.57,0.056999999999999995
25896,9/27/2017,Western,Maharashtra,27.0,State,Hydro,Koyna-Iv Hps,Single Unit,1000.0,3.37,5.52,0.5519999999999999
25955,9/27/2017,Western,Maharashtra,27.0,Central,Ther (Gt),Ratnagiri Ccpp,Single Unit,2220.0,11.58,12.8,0.5765765765765766
26038,9/27/2017,Southern,Karnataka,29.0,State,Hydro,Sharavathi Hps,Single Unit,1035.0,12.77,4.58,0.44251207729468595
26151,9/27/2017,Southern,Tamil Nadu,33.0,Central,Nuclear,Kudankulam,Unit 1,1000.0,21.6,10.24,1.024
26152,9/27/2017,Southern,Tamil Nadu,33.0,Central,Nuclear,Kudankulam,Unit 2,1000.0,19.27,0.0,0.0
26275,9/27/2017,Eastern,Sikkim,11.0,State,Hydro,Teesta-Iii Hps,Single Unit,1200.0,24.0,21.66,1.805
26384,9/28/2017,Northern,Delhi,7.0,State,Ther (Gt),Pragati Ccgt-Iii,Single Unit,1500.0,6.0,5.35,0.35666666666666663
26407,9/28/2017,Northern,Himachal Pradesh,2.0,State,Hydro,Bhakra H P S,Single Unit,1325.0,16.44,18.05,1.3622641509433964
26420,9/28/2017,Northern,Himachal Pradesh,2.0,Private,Hydro,Karcham Wangtoo Hps,Single Unit,1000.0,16.67,12.38,1.238
26430,9/28/2017,Northern,Himachal Pradesh,2.0,Central,Hydro,Nathpa Jhakri Hps,Single Unit,1500.0,26.63,23.14,1.5426666666666666
26539,9/28/2017,Northern,Uttarakhand,5.0,Central,Hydro,Tehri St-1 Hps,Single Unit,1000.0,12.9,8.93,0.893
26741,9/28/2017,Western,Gujarat,24.0,State,Hydro,S Sarovar Rbph Hps,Single Unit,1200.0,28.4,0.0,0.0
26769,9/28/2017,Western,Gujarat,24.0,Private,Ther (Gt),Dgen Mega Ccpp,Single Unit,1200.0,0.0,0.0,0.0
26773,9/28/2017,Western,Gujarat,24.0,Private,Ther (Gt),Sugen Ccpp,Single Unit,1147.5,11.49,20.22,1.7620915032679738
26833,9/28/2017,Western,Madhya Pradesh,23.0,Central,Hydro,Indira Sagar Hps,Single Unit,1000.0,6.33,0.43,0.043
26874,9/28/2017,Western,Maharashtra,27.0,State,Hydro,Koyna-Iv Hps,Single Unit,1000.0,3.37,2.93,0.29300000000000004
26933,9/28/2017,Western,Maharashtra,27.0,Central,Ther (Gt),Ratnagiri Ccpp,Single Unit,2220.0,11.58,12.7,0.572072072072072
27016,9/28/2017,Southern,Karnataka,29.0,State,Hydro,Sharavathi Hps,Single Unit,1035.0,12.77,4.9,0.4734299516908213
27129,9/28/2017,Southern,Tamil Nadu,33.0,Central,Nuclear,Kudankulam,Unit 1,1000.0,21.6,10.23,1.0230000000000001
27130,9/28/2017,Southern,Tamil Nadu,33.0,Central,Nuclear,Kudankulam,Unit 2,1000.0,19.27,0.0,0.0
27253,9/28/2017,Eastern,Sikkim,11.0,State,Hydro,Teesta-Iii Hps,Single Unit,1200.0,24.0,21.58,1.7983333333333331
27362,9/29/2017,Northern,Delhi,7.0,State,Ther (Gt),Pragati Ccgt-Iii,Single Unit,1500.0,6.0,7.4,0.4933333333333334
27385,9/29/2017,Northern,Himachal Pradesh,2.0,State,Hydro,Bhakra H P S,Single Unit,1325.0,16.44,17.77,1.341132075471698
27398,9/29/2017,Northern,Himachal Pradesh,2.0,Private,Hydro,Karcham Wangtoo Hps,Single Unit,1000.0,16.67,11.11,1.111
27408,9/29/2017,Northern,Himachal Pradesh,2.0,Central,Hydro,Nathpa Jhakri Hps,Single Unit,1500.0,26.63,18.65,1.2433333333333332
27517,9/29/2017,Northern,Uttarakhand,5.0,Central,Hydro,Tehri St-1 Hps,Single Unit,1000.0,12.9,9.74,0.9740000000000001
27719,9/29/2017,Western,Gujarat,24.0,State,Hydro,S Sarovar Rbph Hps,Single Unit,1200.0,28.4,0.0,0.0
27747,9/29/2017,Western,Gujarat,24.0,Private,Ther (Gt),Dgen Mega Ccpp,Single Unit,1200.0,0.0,0.0,0.0
27751,9/29/2017,Western,Gujarat,24.0,Private,Ther (Gt),Sugen Ccpp,Single Unit,1147.5,11.49,16.3,1.420479302832244
27811,9/29/2017,Western,Madhya Pradesh,23.0,Central,Hydro,Indira Sagar Hps,Single Unit,1000.0,6.33,0.24,0.023999999999999997
27852,9/29/2017,Western,Maharashtra,27.0,State,Hydro,Koyna-Iv Hps,Single Unit,1000.0,3.37,0.64,0.064
27911,9/29/2017,Western,Maharashtra,27.0,Central,Ther (Gt),Ratnagiri Ccpp,Single Unit,2220.0,11.58,12.72,0.572972972972973
27994,9/29/2017,Southern,Karnataka,29.0,State,Hydro,Sharavathi Hps,Single Unit,1035.0,12.77,2.59,0.2502415458937198
28107,9/29/2017,Southern,Tamil Nadu,33.0,Central,Nuclear,Kudankulam,Unit 1,1000.0,21.6,8.45,0.845
28108,9/29/2017,Southern,Tamil Nadu,33.0,Central,Nuclear,Kudankulam,Unit 2,1000.0,19.27,0.0,0.0
28231,9/29/2017,Eastern,Sikkim,11.0,State,Hydro,Teesta-Iii Hps,Single Unit,1200.0,24.0,21.56,1.7966666666666666
28340,9/30/2017,Northern,Delhi,7.0,State,Ther (Gt),Pragati Ccgt-Iii,Single Unit,1500.0,6.0,6.98,0.4653333333333334
28363,9/30/2017,Northern,Himachal Pradesh,2.0,State,Hydro,Bhakra H P S,Single Unit,1325.0,16.44,17.64,1.3313207547169812
28376,9/30/2017,Northern,Himachal Pradesh,2.0,Private,Hydro,Karcham Wangtoo Hps,Single Unit,1000.0,16.67,10.8,1.08
28386,9/30/2017,Northern,Himachal Pradesh,2.0,Central,Hydro,Nathpa Jhakri Hps,Single Unit,1500.0,26.63,20.96,1.3973333333333333
28495,9/30/2017,Northern,Uttarakhand,5.0,Central,Hydro,Tehri St-1 Hps,Single Unit,1000.0,12.9,9.77,0.9769999999999999
28697,9/30/2017,Western,Gujarat,24.0,State,Hydro,S Sarovar Rbph Hps,Single Unit,1200.0,28.4,0.0,0.0
28725,9/30/2017,Western,Gujarat,24.0,Private,Ther (Gt),Dgen Mega Ccpp,Single Unit,1200.0,0.0,0.0,0.0
28729,9/30/2017,Western,Gujarat,24.0,Private,Ther (Gt),Sugen Ccpp,Single Unit,1147.5,11.49,16.2,1.4117647058823528
28789,9/30/2017,Western,Madhya Pradesh,23.0,Central,Hydro,Indira Sagar Hps,Single Unit,1000.0,6.33,0.0,0.0
28830,9/30/2017,Western,Maharashtra,27.0,State,Hydro,Koyna-Iv Hps,Single Unit,1000.0,3.37,2.16,0.216
28889,9/30/2017,Western,Maharashtra,27.0,Central,Ther (Gt),Ratnagiri Ccpp,Single Unit,2220.0,11.58,12.39,0.5581081081081081
28972,9/30/2017,Southern,Karnataka,29.0,State,Hydro,Sharavathi Hps,Single Unit,1035.0,12.77,2.45,0.23671497584541065
29085,9/30/2017,Southern,Tamil Nadu,33.0,Central,Nuclear,Kudankulam,Unit 1,1000.0,21.6,8.55,0.855
29086,9/30/2017,Southern,Tamil Nadu,33.0,Central,Nuclear,Kudankulam,Unit 2,1000.0,19.27,0.0,0.0
29209,9/30/2017,Eastern,Sikkim,11.0,State,Hydro,Teesta-Iii Hps,Single Unit,1200.0,24.0,21.61,1.8008333333333335
29318,10/3/2017,Northern,Delhi,7.0,State,Ther (Gt),Pragati Ccgt-Iii,Single Unit,1500.0,6.12,7.19,0.47933333333333333
29341,10/3/2017,Northern,Himachal Pradesh,2.0,State,Hydro,Bhakra H P S,Single Unit,1325.0,10.64,17.64,1.3313207547169812
29354,10/3/2017,Northern,Himachal Pradesh,2.0,Private,Hydro,Karcham Wangtoo Hps,Single Unit,1000.0,6.45,10.15,1.0150000000000001
29364,10/3/2017,Northern,Himachal Pradesh,2.0,Central,Hydro,Nathpa Jhakri Hps,Single Unit,1500.0,14.84,19.02,1.268
29473,10/3/2017,Northern,Uttarakhand,5.0,Central,Hydro,Tehri St-1 Hps,Single Unit,1000.0,4.55,9.95,0.9949999999999999
29675,10/3/2017,Western,Gujarat,24.0,State,Hydro,S Sarovar Rbph Hps,Single Unit,1200.0,13.55,0.0,0.0
29703,10/3/2017,Western,Gujarat,24.0,Private,Ther (Gt),Dgen Mega Ccpp,Single Unit,1200.0,0.0,0.0,0.0
29707,10/3/2017,Western,Gujarat,24.0,Private,Ther (Gt),Sugen Ccpp,Single Unit,1147.5,11.52,22.33,1.945969498910675
29767,10/3/2017,Western,Madhya Pradesh,23.0,Central,Hydro,Indira Sagar Hps,Single Unit,1000.0,6.29,0.56,0.05600000000000001
29808,10/3/2017,Western,Maharashtra,27.0,State,Hydro,Koyna-Iv Hps,Single Unit,1000.0,4.03,10.77,1.077
29867,10/3/2017,Western,Maharashtra,27.0,Central,Ther (Gt),Ratnagiri Ccpp,Single Unit,2220.0,11.64,13.18,0.5936936936936937
29950,10/3/2017,Southern,Karnataka,29.0,State,Hydro,Sharavathi Hps,Single Unit,1035.0,13.29,4.35,0.4202898550724637
30063,10/3/2017,Southern,Tamil Nadu,33.0,Central,Nuclear,Kudankulam,Unit 1,1000.0,21.58,10.19,1.019
30064,10/3/2017,Southern,Tamil Nadu,33.0,Central,Nuclear,Kudankulam,Unit 2,1000.0,0.0,0.0,0.0
30187,10/3/2017,Eastern,Sikkim,11.0,State,Hydro,Teesta-Iii Hps,Single Unit,1200.0,16.29,21.52,1.7933333333333332
30296,10/4/2017,Northern,Delhi,7.0,State,Ther (Gt),Pragati Ccgt-Iii,Single Unit,1500.0,6.12,9.82,0.6546666666666667
30319,10/4/2017,Northern,Himachal Pradesh,2.0,State,Hydro,Bhakra H P S,Single Unit,1325.0,10.64,17.5,1.3207547169811322
30332,10/4/2017,Northern,Himachal Pradesh,2.0,Private,Hydro,Karcham Wangtoo Hps,Single Unit,1000.0,6.45,9.41,0.941
30342,10/4/2017,Northern,Himachal Pradesh,2.0,Central,Hydro,Nathpa Jhakri Hps,Single Unit,1500.0,14.84,18.34,1.2226666666666668
30451,10/4/2017,Northern,Uttarakhand,5.0,Central,Hydro,Tehri St-1 Hps,Single Unit,1000.0,4.55,8.07,0.807
30653,10/4/2017,Western,Gujarat,24.0,State,Hydro,S Sarovar Rbph Hps,Single Unit,1200.0,13.55,0.0,0.0
30681,10/4/2017,Western,Gujarat,24.0,Private,Ther (Gt),Dgen Mega Ccpp,Single Unit,1200.0,0.0,0.0,0.0
30685,10/4/2017,Western,Gujarat,24.0,Private,Ther (Gt),Sugen Ccpp,Single Unit,1147.5,11.52,22.06,1.9224400871459695
30745,10/4/2017,Western,Madhya Pradesh,23.0,Central,Hydro,Indira Sagar Hps,Single Unit,1000.0,6.29,0.35,0.034999999999999996
30786,10/4/2017,Western,Maharashtra,27.0,State,Hydro,Koyna-Iv Hps,Single Unit,1000.0,4.03,14.54,1.454
30845,10/4/2017,Western,Maharashtra,27.0,Central,Ther (Gt),Ratnagiri Ccpp,Single Unit,2220.0,11.64,13.57,0.6112612612612612
30928,10/4/2017,Southern,Karnataka,29.0,State,Hydro,Sharavathi Hps,Single Unit,1035.0,13.29,7.01,0.6772946859903382
31041,10/4/2017,Southern,Tamil Nadu,33.0,Central,Nuclear,Kudankulam,Unit 1,1000.0,21.58,12.18,1.218
31042,10/4/2017,Southern,Tamil Nadu,33.0,Central,Nuclear,Kudankulam,Unit 2,1000.0,0.0,0.0,0.0
31165,10/4/2017,Eastern,Sikkim,11.0,State,Hydro,Teesta-Iii Hps,Single Unit,1200.0,16.29,21.73,1.8108333333333333
31274,10/5/2017,Northern,Delhi,7.0,State,Ther (Gt),Pragati Ccgt-Iii,Single Unit,1500.0,6.12,6.98,0.4653333333333334
31297,10/5/2017,Northern,Himachal Pradesh,2.0,State,Hydro,Bhakra H P S,Single Unit,1325.0,10.64,17.11,1.2913207547169812
31310,10/5/2017,Northern,Himachal Pradesh,2.0,Private,Hydro,Karcham Wangtoo Hps,Single Unit,1000.0,6.45,9.36,0.936
31320,10/5/2017,Northern,Himachal Pradesh,2.0,Central,Hydro,Nathpa Jhakri Hps,Single Unit,1500.0,14.84,17.37,1.158
31429,10/5/2017,Northern,Uttarakhand,5.0,Central,Hydro,Tehri St-1 Hps,Single Unit,1000.0,4.55,7.17,0.717
31631,10/5/2017,Western,Gujarat,24.0,State,Hydro,S Sarovar Rbph Hps,Single Unit,1200.0,13.55,0.0,0.0
31659,10/5/2017,Western,Gujarat,24.0,Private,Ther (Gt),Dgen Mega Ccpp,Single Unit,1200.0,0.0,0.0,0.0
31663,10/5/2017,Western,Gujarat,24.0,Private,Ther (Gt),Sugen Ccpp,Single Unit,1147.5,11.52,21.86,1.9050108932461876
31723,10/5/2017,Western,Madhya Pradesh,23.0,Central,Hydro,Indira Sagar Hps,Single Unit,1000.0,6.29,0.24,0.023999999999999997
31764,10/5/2017,Western,Maharashtra,27.0,State,Hydro,Koyna-Iv Hps,Single Unit,1000.0,4.03,6.8,0.6799999999999999
31823,10/5/2017,Western,Maharashtra,27.0,Central,Ther (Gt),Ratnagiri Ccpp,Single Unit,2220.0,11.64,13.42,0.6045045045045044
31906,10/5/2017,Southern,Karnataka,29.0,State,Hydro,Sharavathi Hps,Single Unit,1035.0,13.29,7.03,0.6792270531400966
32019,10/5/2017,Southern,Tamil Nadu,33.0,Central,Nuclear,Kudankulam,Unit 1,1000.0,21.58,13.54,1.354
32020,10/5/2017,Southern,Tamil Nadu,33.0,Central,Nuclear,Kudankulam,Unit 2,1000.0,0.0,0.0,0.0
32143,10/5/2017,Eastern,Sikkim,11.0,State,Hydro,Teesta-Iii Hps,Single Unit,1200.0,16.29,21.75,1.8124999999999998
32252,10/6/2017,Northern,Delhi,7.0,State,Ther (Gt),Pragati Ccgt-Iii,Single Unit,1500.0,6.12,13.19,0.8793333333333333
32275,10/6/2017,Northern,Himachal Pradesh,2.0,State,Hydro,Bhakra H P S,Single Unit,1325.0,10.64,17.03,1.2852830188679247
32288,10/6/2017,Northern,Himachal Pradesh,2.0,Private,Hydro,Karcham Wangtoo Hps,Single Unit,1000.0,6.45,9.02,0.902
32298,10/6/2017,Northern,Himachal Pradesh,2.0,Central,Hydro,Nathpa Jhakri Hps,Single Unit,1500.0,14.84,17.59,1.1726666666666667
32407,10/6/2017,Northern,Uttarakhand,5.0,Central,Hydro,Tehri St-1 Hps,Single Unit,1000.0,4.55,7.14,0.714
32609,10/6/2017,Western,Gujarat,24.0,State,Hydro,S Sarovar Rbph Hps,Single Unit,1200.0,13.55,0.0,0.0
32637,10/6/2017,Western,Gujarat,24.0,Private,Ther (Gt),Dgen Mega Ccpp,Single Unit,1200.0,0.0,0.0,0.0
32641,10/6/2017,Western,Gujarat,24.0,Private,Ther (Gt),Sugen Ccpp,Single Unit,1147.5,11.52,23.7,2.0653594771241828
32701,10/6/2017,Western,Madhya Pradesh,23.0,Central,Hydro,Indira Sagar Hps,Single Unit,1000.0,6.29,0.89,0.08900000000000001
32742,10/6/2017,Western,Maharashtra,27.0,State,Hydro,Koyna-Iv Hps,Single Unit,1000.0,4.03,6.95,0.6950000000000001
32801,10/6/2017,Western,Maharashtra,27.0,Central,Ther (Gt),Ratnagiri Ccpp,Single Unit,2220.0,11.64,13.08,0.5891891891891892
32884,10/6/2017,Southern,Karnataka,29.0,State,Hydro,Sharavathi Hps,Single Unit,1035.0,13.29,6.39,0.6173913043478261
32997,10/6/2017,Southern,Tamil Nadu,33.0,Central,Nuclear,Kudankulam,Unit 1,1000.0,21.58,14.23,1.423
32998,10/6/2017,Southern,Tamil Nadu,33.0,Central,Nuclear,Kudankulam,Unit 2,1000.0,0.0,0.0,0.0
33121,10/6/2017,Eastern,Sikkim,11.0,State,Hydro,Teesta-Iii Hps,Single Unit,1200.0,16.29,21.77,1.8141666666666667
33230,10/7/2017,Northern,Delhi,7.0,State,Ther (Gt),Pragati Ccgt-Iii,Single Unit,1500.0,6.12,11.89,0.7926666666666667
33253,10/7/2017,Northern,Himachal Pradesh,2.0,State,Hydro,Bhakra H P S,Single Unit,1325.0,10.64,17.21,1.298867924528302
33266,10/7/2017,Northern,Himachal Pradesh,2.0,Private,Hydro,Karcham Wangtoo Hps,Single Unit,1000.0,6.45,9.16,0.9159999999999999
33276,10/7/2017,Northern,Himachal Pradesh,2.0,Central,Hydro,Nathpa Jhakri Hps,Single Unit,1500.0,14.84,17.58,1.172
33385,10/7/2017,Northern,Uttarakhand,5.0,Central,Hydro,Tehri St-1 Hps,Single Unit,1000.0,4.55,7.19,0.719
33587,10/7/2017,Western,Gujarat,24.0,State,Hydro,S Sarovar Rbph Hps,Single Unit,1200.0,13.55,0.0,0.0
33615,10/7/2017,Western,Gujarat,24.0,Private,Ther (Gt),Dgen Mega Ccpp,Single Unit,1200.0,0.0,0.0,0.0
33619,10/7/2017,Western,Gujarat,24.0,Private,Ther (Gt),Sugen Ccpp,Single Unit,1147.5,11.52,21.45,1.8692810457516338
33679,10/7/2017,Western,Madhya Pradesh,23.0,Central,Hydro,Indira Sagar Hps,Single Unit,1000.0,6.29,1.52,0.152
33720,10/7/2017,Western,Maharashtra,27.0,State,Hydro,Koyna-Iv Hps,Single Unit,1000.0,4.03,1.98,0.198
33779,10/7/2017,Western,Maharashtra,27.0,Central,Ther (Gt),Ratnagiri Ccpp,Single Unit,2220.0,11.64,13.16,0.5927927927927927
33862,10/7/2017,Southern,Karnataka,29.0,State,Hydro,Sharavathi Hps,Single Unit,1035.0,13.29,6.0,0.5797101449275363
33975,10/7/2017,Southern,Tamil Nadu,33.0,Central,Nuclear,Kudankulam,Unit 1,1000.0,21.58,14.37,1.4369999999999998
33976,10/7/2017,Southern,Tamil Nadu,33.0,Central,Nuclear,Kudankulam,Unit 2,1000.0,0.0,0.0,0.0
34099,10/7/2017,Eastern,Sikkim,11.0,State,Hydro,Teesta-Iii Hps,Single Unit,1200.0,16.29,18.41,1.5341666666666667
34208,10/8/2017,Northern,Delhi,7.0,State,Ther (Gt),Pragati Ccgt-Iii,Single Unit,1500.0,6.12,10.84,0.7226666666666667
34231,10/8/2017,Northern,Himachal Pradesh,2.0,State,Hydro,Bhakra H P S,Single Unit,1325.0,10.64,16.89,1.2747169811320755
34244,10/8/2017,Northern,Himachal Pradesh,2.0,Private,Hydro,Karcham Wangtoo Hps,Single Unit,1000.0,6.45,8.43,0.843
34254,10/8/2017,Northern,Himachal Pradesh,2.0,Central,Hydro,Nathpa Jhakri Hps,Single Unit,1500.0,14.84,16.56,1.1039999999999999
34363,10/8/2017,Northern,Uttarakhand,5.0,Central,Hydro,Tehri St-1 Hps,Single Unit,1000.0,4.55,7.01,0.701
34565,10/8/2017,Western,Gujarat,24.0,State,Hydro,S Sarovar Rbph Hps,Single Unit,1200.0,13.55,0.0,0.0
34593,10/8/2017,Western,Gujarat,24.0,Private,Ther (Gt),Dgen Mega Ccpp,Single Unit,1200.0,0.0,0.0,0.0
34597,10/8/2017,Western,Gujarat,24.0,Private,Ther (Gt),Sugen Ccpp,Single Unit,1147.5,11.52,20.28,1.7673202614379084
34657,10/8/2017,Western,Madhya Pradesh,23.0,Central,Hydro,Indira Sagar Hps,Single Unit,1000.0,6.29,0.5,0.05
34698,10/8/2017,Western,Maharashtra,27.0,State,Hydro,Koyna-Iv Hps,Single Unit,1000.0,4.03,0.0,0.0
34757,10/8/2017,Western,Maharashtra,27.0,Central,Ther (Gt),Ratnagiri Ccpp,Single Unit,2220.0,11.64,12.71,0.5725225225225226
34840,10/8/2017,Southern,Karnataka,29.0,State,Hydro,Sharavathi Hps,Single Unit,1035.0,13.29,2.99,0.2888888888888889
34953,10/8/2017,Southern,Tamil Nadu,33.0,Central,Nuclear,Kudankulam,Unit 1,1000.0,21.58,14.53,1.4529999999999998
34954,10/8/2017,Southern,Tamil Nadu,33.0,Central,Nuclear,Kudankulam,Unit 2,1000.0,0.0,0.0,0.0
35077,10/8/2017,Eastern,Sikkim,11.0,State,Hydro,Teesta-Iii Hps,Single Unit,1200.0,16.29,21.57,1.7975
35186,10/9/2017,Northern,Delhi,7.0,State,Ther (Gt),Pragati Ccgt-Iii,Single Unit,1500.0,6.12,11.41,0.7606666666666667
35209,10/9/2017,Northern,Himachal Pradesh,2.0,State,Hydro,Bhakra H P S,Single Unit,1325.0,10.64,16.58,1.251320754716981
35222,10/9/2017,Northern,Himachal Pradesh,2.0,Private,Hydro,Karcham Wangtoo Hps,Single Unit,1000.0,6.45,8.62,0.8619999999999999
35232,10/9/2017,Northern,Himachal Pradesh,2.0,Central,Hydro,Nathpa Jhakri Hps,Single Unit,1500.0,14.84,16.43,1.0953333333333333
35341,10/9/2017,Northern,Uttarakhand,5.0,Central,Hydro,Tehri St-1 Hps,Single Unit,1000.0,4.55,7.08,0.7080000000000001
35543,10/9/2017,Western,Gujarat,24.0,State,Hydro,S Sarovar Rbph Hps,Single Unit,1200.0,13.55,0.0,0.0
35571,10/9/2017,Western,Gujarat,24.0,Private,Ther (Gt),Dgen Mega Ccpp,Single Unit,1200.0,0.0,0.0,0.0
35575,10/9/2017,Western,Gujarat,24.0,Private,Ther (Gt),Sugen Ccpp,Single Unit,1147.5,11.52,21.78,1.8980392156862746
35635,10/9/2017,Western,Madhya Pradesh,23.0,Central,Hydro,Indira Sagar Hps,Single Unit,1000.0,6.29,0.0,0.0
35676,10/9/2017,Western,Maharashtra,27.0,State,Hydro,Koyna-Iv Hps,Single Unit,1000.0,4.03,0.08,0.008
35735,10/9/2017,Western,Maharashtra,27.0,Central,Ther (Gt),Ratnagiri Ccpp,Single Unit,2220.0,11.64,12.71,0.5725225225225226
35818,10/9/2017,Southern,Karnataka,29.0,State,Hydro,Sharavathi Hps,Single Unit,1035.0,13.29,4.0,0.3864734299516908
35931,10/9/2017,Southern,Tamil Nadu,33.0,Central,Nuclear,Kudankulam,Unit 1,1000.0,21.58,14.52,1.452
35932,10/9/2017,Southern,Tamil Nadu,33.0,Central,Nuclear,Kudankulam,Unit 2,1000.0,0.0,0.0,0.0
36055,10/9/2017,Eastern,Sikkim,11.0,State,Hydro,Teesta-Iii Hps,Single Unit,1200.0,16.29,21.24,1.7699999999999998
36164,10/10/2017,Northern,Delhi,7.0,State,Ther (Gt),Pragati Ccgt-Iii,Single Unit,1500.0,6.12,11.95,0.7966666666666667
36187,10/10/2017,Northern,Himachal Pradesh,2.0,State,Hydro,Bhakra H P S,Single Unit,1325.0,10.64,16.47,1.2430188679245282
36200,10/10/2017,Northern,Himachal Pradesh,2.0,Private,Hydro,Karcham Wangtoo Hps,Single Unit,1000.0,6.45,8.61,0.861
36210,10/10/2017,Northern,Himachal Pradesh,2.0,Central,Hydro,Nathpa Jhakri Hps,Single Unit,1500.0,14.84,16.45,1.0966666666666667
36319,10/10/2017,Northern,Uttarakhand,5.0,Central,Hydro,Tehri St-1 Hps,Single Unit,1000.0,4.55,7.19,0.719
36521,10/10/2017,Western,Gujarat,24.0,State,Hydro,S Sarovar Rbph Hps,Single Unit,1200.0,13.55,0.0,0.0
36549,10/10/2017,Western,Gujarat,24.0,Private,Ther (Gt),Dgen Mega Ccpp,Single Unit,1200.0,0.0,0.0,0.0
36553,10/10/2017,Western,Gujarat,24.0,Private,Ther (Gt),Sugen Ccpp,Single Unit,1147.5,11.52,20.77,1.8100217864923747
36613,10/10/2017,Western,Madhya Pradesh,23.0,Central,Hydro,Indira Sagar Hps,Single Unit,1000.0,6.29,0.44,0.044000000000000004
36654,10/10/2017,Western,Maharashtra,27.0,State,Hydro,Koyna-Iv Hps,Single Unit,1000.0,4.03,0.1,0.01
36713,10/10/2017,Western,Maharashtra,27.0,Central,Ther (Gt),Ratnagiri Ccpp,Single Unit,2220.0,11.64,12.99,0.5851351351351352
36796,10/10/2017,Southern,Karnataka,29.0,State,Hydro,Sharavathi Hps,Single Unit,1035.0,13.29,6.05,0.5845410628019324
36909,10/10/2017,Southern,Tamil Nadu,33.0,Central,Nuclear,Kudankulam,Unit 1,1000.0,21.58,14.66,1.466
36910,10/10/2017,Southern,Tamil Nadu,33.0,Central,Nuclear,Kudankulam,Unit 2,1000.0,0.0,0.0,0.0
37033,10/10/2017,Eastern,Sikkim,11.0,State,Hydro,Teesta-Iii Hps,Single Unit,1200.0,16.29,21.04,1.7533333333333332
37142,10/11/2017,Northern,Delhi,7.0,State,Ther (Gt),Pragati Ccgt-Iii,Single Unit,1500.0,6.12,10.29,0.6859999999999999
37165,10/11/2017,Northern,Himachal Pradesh,2.0,State,Hydro,Bhakra H P S,Single Unit,1325.0,10.64,15.09,1.1388679245283018
37178,10/11/2017,Northern,Himachal Pradesh,2.0,Private,Hydro,Karcham Wangtoo Hps,Single Unit,1000.0,6.45,8.18,0.818
37188,10/11/2017,Northern,Himachal Pradesh,2.0,Central,Hydro,Nathpa Jhakri Hps,Single Unit,1500.0,14.84,15.28,1.0186666666666666
37297,10/11/2017,Northern,Uttarakhand,5.0,Central,Hydro,Tehri St-1 Hps,Single Unit,1000.0,4.55,7.13,0.713
37499,10/11/2017,Western,Gujarat,24.0,State,Hydro,S Sarovar Rbph Hps,Single Unit,1200.0,13.55,0.0,0.0
37527,10/11/2017,Western,Gujarat,24.0,Private,Ther (Gt),Dgen Mega Ccpp,Single Unit,1200.0,0.0,0.0,0.0
37531,10/11/2017,Western,Gujarat,24.0,Private,Ther (Gt),Sugen Ccpp,Single Unit,1147.5,11.52,19.61,1.7089324618736383
37591,10/11/2017,Western,Madhya Pradesh,23.0,Central,Hydro,Indira Sagar Hps,Single Unit,1000.0,6.29,0.88,0.08800000000000001
37632,10/11/2017,Western,Maharashtra,27.0,State,Hydro,Koyna-Iv Hps,Single Unit,1000.0,4.03,0.0,0.0
37691,10/11/2017,Western,Maharashtra,27.0,Central,Ther (Gt),Ratnagiri Ccpp,Single Unit,2220.0,11.64,11.66,0.5252252252252253
37774,10/11/2017,Southern,Karnataka,29.0,State,Hydro,Sharavathi Hps,Single Unit,1035.0,13.29,4.81,0.4647342995169082
37887,10/11/2017,Southern,Tamil Nadu,33.0,Central,Nuclear,Kudankulam,Unit 1,1000.0,21.58,14.96,1.496
37888,10/11/2017,Southern,Tamil Nadu,33.0,Central,Nuclear,Kudankulam,Unit 2,1000.0,0.0,0.0,0.0
38011,10/11/2017,Eastern,Sikkim,11.0,State,Hydro,Teesta-Iii Hps,Single Unit,1200.0,16.29,18.92,1.5766666666666669
38120,10/12/2017,Northern,Delhi,7.0,State,Ther (Gt),Pragati Ccgt-Iii,Single Unit,1500.0,6.12,11.71,0.7806666666666667
38143,10/12/2017,Northern,Himachal Pradesh,2.0,State,Hydro,Bhakra H P S,Single Unit,1325.0,10.64,13.63,1.028679245283019
38156,10/12/2017,Northern,Himachal Pradesh,2.0,Private,Hydro,Karcham Wangtoo Hps,Single Unit,1000.0,6.45,8.0,0.8
38166,10/12/2017,Northern,Himachal Pradesh,2.0,Central,Hydro,Nathpa Jhakri Hps,Single Unit,1500.0,14.84,15.78,1.052
38275,10/12/2017,Northern,Uttarakhand,5.0,Central,Hydro,Tehri St-1 Hps,Single Unit,1000.0,4.55,7.11,0.711
38477,10/12/2017,Western,Gujarat,24.0,State,Hydro,S Sarovar Rbph Hps,Single Unit,1200.0,13.55,0.0,0.0
38505,10/12/2017,Western,Gujarat,24.0,Private,Ther (Gt),Dgen Mega Ccpp,Single Unit,1200.0,0.0,0.0,0.0
38509,10/12/2017,Western,Gujarat,24.0,Private,Ther (Gt),Sugen Ccpp,Single Unit,1147.5,11.52,20.35,1.7734204793028323
38569,10/12/2017,Western,Madhya Pradesh,23.0,Central,Hydro,Indira Sagar Hps,Single Unit,1000.0,6.29,1.25,0.125
38610,10/12/2017,Western,Maharashtra,27.0,State,Hydro,Koyna-Iv Hps,Single Unit,1000.0,4.03,0.41,0.041
38669,10/12/2017,Western,Maharashtra,27.0,Central,Ther (Gt),Ratnagiri Ccpp,Single Unit,2220.0,11.64,11.66,0.5252252252252253
38752,10/12/2017,Southern,Karnataka,29.0,State,Hydro,Sharavathi Hps,Single Unit,1035.0,13.29,4.85,0.4685990338164251
38865,10/12/2017,Southern,Tamil Nadu,33.0,Central,Nuclear,Kudankulam,Unit 1,1000.0,21.58,14.94,1.494
38866,10/12/2017,Southern,Tamil Nadu,33.0,Central,Nuclear,Kudankulam,Unit 2,1000.0,0.0,0.0,0.0
38989,10/12/2017,Eastern,Sikkim,11.0,State,Hydro,Teesta-Iii Hps,Single Unit,1200.0,16.29,21.22,1.7683333333333333
39098,10/13/2017,Northern,Delhi,7.0,State,Ther (Gt),Pragati Ccgt-Iii,Single Unit,1500.0,6.12,13.19,0.8793333333333333
39121,10/13/2017,Northern,Himachal Pradesh,2.0,State,Hydro,Bhakra H P S,Single Unit,1325.0,10.64,12.83,0.9683018867924529
39134,10/13/2017,Northern,Himachal Pradesh,2.0,Private,Hydro,Karcham Wangtoo Hps,Single Unit,1000.0,6.45,7.88,0.788
39144,10/13/2017,Northern,Himachal Pradesh,2.0,Central,Hydro,Nathpa Jhakri Hps,Single Unit,1500.0,14.84,14.83,0.9886666666666667
39253,10/13/2017,Northern,Uttarakhand,5.0,Central,Hydro,Tehri St-1 Hps,Single Unit,1000.0,4.55,6.71,0.6709999999999999
39455,10/13/2017,Western,Gujarat,24.0,State,Hydro,S Sarovar Rbph Hps,Single Unit,1200.0,13.55,0.0,0.0
39483,10/13/2017,Western,Gujarat,24.0,Private,Ther (Gt),Dgen Mega Ccpp,Single Unit,1200.0,0.0,0.0,0.0
39487,10/13/2017,Western,Gujarat,24.0,Private,Ther (Gt),Sugen Ccpp,Single Unit,1147.5,11.52,20.18,1.7586056644880173
39547,10/13/2017,Western,Madhya Pradesh,23.0,Central,Hydro,Indira Sagar Hps,Single Unit,1000.0,6.29,1.15,0.11499999999999999
39588,10/13/2017,Western,Maharashtra,27.0,State,Hydro,Koyna-Iv Hps,Single Unit,1000.0,4.03,0.43,0.043
39647,10/13/2017,Western,Maharashtra,27.0,Central,Ther (Gt),Ratnagiri Ccpp,Single Unit,2220.0,11.64,12.91,0.5815315315315315
39730,10/13/2017,Southern,Karnataka,29.0,State,Hydro,Sharavathi Hps,Single Unit,1035.0,13.29,5.66,0.5468599033816426
39843,10/13/2017,Southern,Tamil Nadu,33.0,Central,Nuclear,Kudankulam,Unit 1,1000.0,21.58,14.83,1.4829999999999999
39844,10/13/2017,Southern,Tamil Nadu,33.0,Central,Nuclear,Kudankulam,Unit 2,1000.0,0.0,0.0,0.0
39967,10/13/2017,Eastern,Sikkim,11.0,State,Hydro,Teesta-Iii Hps,Single Unit,1200.0,16.29,15.17,1.2641666666666667
